user_input,response,retrieved_contexts,reference
这台平板屏幕长时间看刺眼吗？,根据已有信息，无法得出结论。但证据1提到“平板很好，屏幕很大，也清晰。看电视眼睛一点都不累！”这表明至少对于这位用户来说，长时间观看该平板的屏幕并不会感到刺眼或疲劳。不过，请注意其他用户反馈了不同的问题，如黑屏和花屏等，这些问题可能会影响使用体验。,"['平板很好，屏幕很大，也清晰。看电视眼睛一点都不累！', '平板从买了开始老是出现黑屏！', '会自己黑屏，平板长度太长，宽度不够，手感不强，不过显示画面可以', '平板买回来用到第三天就出现花屏现象，往后再用每天都会有有花屏现象？', '坑货 用没多久屏幕成这样了。']",根据用户反馈，屏幕显示清晰并具备护眼模式，但部分用户反映屏幕反光严重、阳光下表现差、看1分钟就眼睛刺痛或晕眼，也有用户称护眼模式下存在弹幕拖影伤眼问题。
玩游戏卡不卡？特别是王者荣耀这类大型游戏,根据已有信息，用户对于该手机玩王者荣耀这类大型游戏的体验反馈不一。有用户表示使用过程中非常流畅，没有卡顿现象（证据1、2、4）。但也有用户提到在玩游戏时遇到了卡顿问题，认为手机运行不够顺畅（证据3、5）。因此，关于这款手机玩王者荣耀等大型游戏是否卡顿的问题，用户的实际体验存在差异，可能与个人设备的具体情况或设置有关。,"['不错，玩王者荣耀一点不卡', '运行速度快，玩王者荣耀不卡，非常好用', '手机太卡，玩个游戏卡的不要不要的，', '打王者荣耀不卡，可以，棒棒哒。', '用起来有点卡，而且玩游戏不是很好']",用户反馈呈现明显两极：有称‘玩王者荣耀全程30帧不掉帧’‘特效全开不卡’；也有大量反馈‘玩王者卡顿’‘方向键和技能同时按失灵’‘打农药卡’‘不能多点触控’‘加载慢’，甚至出现‘闪退’‘死机’等严重问题。
电池续航到底怎么样？能撑一整天吗？,根据已有信息，无法得出结论。用户评论中对电池续航的评价不一，有的用户认为电池续航能力棒，而有的用户则觉得电池不太给力，续航时间短。因此，不能明确地说电池是否能撑一整天。实际使用情况可能与个人使用习惯和场景有关。,"['体验不错，就是电池不是很给力！续航时间一般，当然和使用方法有关系。总体满意', '怎么说呢，这个价位已经不错了。电池续航能力真心棒。', '性能不好，电量续航太差', '配置还可以，一分价钱一分货，电池有点小，续航有点短。好评五星！', '还可以，就是电池不怎么耐用，总体还行吧']",续航评价差异显著：有用户称‘充满电能看7小时视频’‘待机一天只掉20%电’；但更多反馈‘看视频3-4小时就没电’‘充一天一夜仍充不满’‘玩两小时自动关机’‘不用也掉电’，还有用户实测‘开机10小时后只剩14%电’。
充电速度慢不慢？有没有快充功能？,"根据已有信息，用户普遍反映这款设备的充电速度很慢。例如，有用户提到“两个小时才充了百分之二十的电”（证据2），还有用户具体描述了从下午5点到晚上9点10分的充电情况，结果只充了不到10%的电量（证据3）。另外几位用户也表达了类似的意见，认为充电速度不尽如人意（证据1, 4, 5）。但是，这些评论中并没有直接提到该设备是否支持快充功能。因此，关于是否有快充功能这一点，根据已有信息，无法得出结论。不过，从用户的反馈来看，即使该设备支持快充，在实际使用过程中似乎并未达到预期效果。","['还行，运行速度不错，就是充电太慢', '充电也太慢了，两个小时才充了百分之二十的电，画面清晰度也不行', '大小符合想象，充电超级慢，下午5点到货，新机54%的电，用两小时到7点省19%，冲两个小时到9点10分是64%的电，也太慢点了吧，不知道是不是只有我的机子是这种情况，我也是醉了', '运行速度很快，玩王者荣耀没问题，充电有点慢。', '总体来说还行吧，就是充电超级慢，用的还超快、几个小时就充了百分之三十，半个小时就用玩了，比电量-谁与争锋？']",多数用户明确指出‘不支持快充’‘充电很慢’，具体表现为‘充一小时只充1%’‘充5-6小时才满’‘充三个半小时才充满’‘充12小时才满’；另有用户抱怨‘充电器插不进去’‘充电口设计奇葩易损坏’‘充电时无法使用’。
发热严重吗？夏天用会不会烫手？,根据已有证据，这款手机在使用过程中确实存在较为严重的发热问题。有多位用户反馈了手机发热严重的情况（证据1、3、4、5），并且有用户特别提到夏天使用会烫手（证据2）。因此，可以得出结论：这款手机发热比较严重，并且在夏天使用时可能会出现烫手的问题。,"['现在价位入手还可以，就是发热有一点严重', '夏天不要玩、会烫手的‘', '不好，手机发烫', '玩一下就发热严重，经常不操作别的也发热，后悔购买了。', '这手机一用就发热!太差了，不果物流还快，本来就没心要，现在跟不想要了一用就发烫']",发热问题被高频提及：有用户称‘玩半小时就发烫到手不敢碰’‘充电时烫到想丢掉’‘散热超级不好’；亦有用户表示‘运行久也不发烫’‘发热不明显’；另有反馈‘放着不用都发热’‘刚买半天就发烫’，客服回应称‘请勿高温下使用’引发用户强烈不满。
屏幕分辨率真实吗？是不是宣传夸大了？,根据已有用户评论，屏幕分辨率并不高，多位用户反馈实际显示效果差，与预期不符。因此，可以认为屏幕分辨率可能没有达到宣传的效果，存在夸大的可能性。,"['屏幕分辨率不是很高', '分辨率真的不是一般的 现实效果差', '是高清的吗骗人的，分辨率极低就比垃圾手机屏幕大了点。', '屏幕分辨率不高 很一般', '分辨率不是很理想']",分辨率负面反馈极为集中：大量用户直指‘分辨率太低’‘像素差’‘颗粒感强’‘画面模糊’‘不如500元手机’‘连iPad mini都不如’；有用户对比称‘同张照片完全看不清’‘看电子书字体小且不可调’；仅少数用户认可‘2K屏细腻’‘显示清晰’。
触摸屏灵敏度如何？有没有失灵或延迟？,根据已有信息，大部分用户反馈触摸屏不灵敏，存在失灵或延迟的情况（证据1、2、4、5）。但也有用户表示触屏灵敏，整体画面不错（证据3）。因此，关于触摸屏的灵敏度，用户的体验有所不同，但较多用户反映存在问题。,"['触摸屏不灵敏', '好卡 触屏不灵敏', '外观工整，触屏灵敏整体画面不错', '触屏不灵敏，买了用了半个月居然就卡到不行！！！果然一分钱一分货！！！！', '感觉屏不是很灵活，不知道是不是膜的问题']",触控问题频发：包括‘触摸失灵’‘点击无反应’‘触屏不灵敏’‘拖影严重’‘手指按压无响应’‘间歇性失灵’‘划屏不好用’‘点几下才响应’；有用户称‘20天后触摸失灵’‘不到一个月完全失灵’‘贴保护套后触屏失效’，亦有用户表示‘触屏灵敏’‘反应快’。
品控靠谱吗？有没有收到翻新机或二手货？,"根据已有信息，部分用户怀疑他们收到的是翻新机或二手货。具体来说：

- 有用户提到收到的机器屏幕上有指纹，并且在相册中发现了早于购买日期的截图（证据1）。
- 另一位用户表示其购买的产品无法正常使用，维修人员告知是经过翻修的二手机（证据2）。
- 还有用户指出设备信号不佳、预装了多个软件，并认为可能是翻新机（证据3）。
- 一名用户声称在华为官方旗舰店购得的手机内含有前一用户的私人照片，时间戳显示为几年前（证据4）。
- 最后一条评论也表达了对产品可能是翻新机的担忧（证据5）。

综上所述，基于这些反馈，存在关于收到翻新机或二手货的质疑。但请注意，这只是部分用户的经历，并不代表所有情况。如果您对此有所顾虑，建议您在购买时选择信誉良好的商家，并留意退换货政策。","['怀疑是二手的，屏幕有指纹，1月7号买的，提货。机器相册里有张11月7号的截图', '假的，买回来根本用不了，还老坏，拿去修，人家说是二手机用过的，然后翻修过得。这京东怎么这样啊！还怎么敢让人相信了以后。一直以为京东买电器，手机什么的最信得过，这次搞得我再也不相信京东了，估计我家人也不相信了。', '感觉像二手翻新机，信号不是满格，里面还有好多软件，**美团头条新闻等，以下图片可见，对京东都怀疑?', '我在京东华为官方旗舰店买到了翻新机你敢信？问客服，客服没有给解决方式，而是让我去投诉，摆着一副老子大公司不怕你投诉怎样的架势，卧槽，真是吓死我了。17年三月买的手机，打开机器，上面却存着15年的上个机主的照片。。难道像我们这样的平民遇到了这样的公司就真的只能认怂了吗？希望看到此评论的买手机三思。。真是无奈的呐喊，以下配上证据截图，因为是给老爸买的，所以照片都是他发给我的', '感觉像翻新机，请谨慎购买']",品控质疑广泛存在：用户发现‘屏幕有他人视频/照片/微信记录’‘包装被拆过’‘充电口有插拔痕迹’‘后盖有划痕/污迹’‘机身弯曲/开裂/掉漆’‘屏幕有坏点/黑线/白光/阴影’‘盒内落灰/有指印’，怀疑‘是别人退货的机子’‘翻新机’‘二手机’，京东与华为客服对此多推诿或不予承认。
物流和包装怎么样？快递会弄坏机器吗？,"根据已有信息，可以得出以下结论：

1. 多数用户反馈物流速度较快（证据1、2、4、5）。
2. 有用户提到包装存在问题，例如包装破损严重（证据5），并且机器外观有损伤（证据3），这表明在运输过程中有可能对机器造成损坏。

综上所述，虽然物流速度快，但包装质量以及快递处理方式可能会影响商品的完好性。","['物流很快，机子不错', '送个皮套都不行吗？物流很快，手机还不知道好用不。', '物流倒是快但机器外观有损伤 外放条变形 感觉像被拆过一样', '机器性能很好，物流也很快', '发货速度挺快 就是包装太差劲 到货后包装破损太厉害 快递员不理不会服务差 不敬业']",物流与包装差评密集：‘包装简陋’‘仅纸盒无泡沫/气囊/填充物’‘盒子晃荡’‘外包装破损’‘胶带松动可见内部’‘箱子撕开’‘塑料袋包着发货’；物流则被批‘派送员拒验货’‘不送货上门’‘配送错误’‘超时未达’‘信息不更新’，仅少数用户称赞‘次日达’‘神速’。
耳机孔和充电口质量行不行？容易坏吗？,根据已有信息，几位用户反馈了关于耳机孔的问题。有用户提到耳机孔坏掉、插上耳机不能使用（证据1和证据2），还有用户表示耳机插孔较粗，导致原来的耳机无法使用（证据5）。至于充电口，有一位用户提到了充电插孔接触不良的问题（证据3）。综上所述，从这些评论来看，耳机孔和充电口似乎存在一定的质量问题，容易出现故障。但请注意，这只是基于部分用户的反馈，并不代表所有产品都会遇到同样的问题。,"['第一个耳机孔坏的，插耳机不能用，第二个后壳有划痕。。。无力吐槽。尔瘦栋', '耳机插上不好使，我也不愿意费劲找售后换了。其他的都没什么问题。', '充电插孔接触不良，问客服没人管，态度不行', '机子可以！服务态度超好 物流超快 就是耳机孔边有点摩擦痕迹 不知道是不是正品 其他的一切正常 谢谢', '刚买一个月就降价200块！耳机插孔还粗，原来几个耳机都不能用！！！']",接口故障高发：‘第一个耳机孔坏’‘插耳机不能用’‘充电接口插不进’‘充电头有划痕’‘充电线插进去难’‘充电器充几次就坏’‘充电插口有使用痕迹’‘充电时接触不良一闪一闪’，有用户直言‘充电接口是13工程师设计的’。
系统流畅度如何？用久了会不会越来越卡？,根据已有信息，用户对系统流畅度的反馈存在差异。部分用户认为系统运行流畅，不卡顿（证据1、3、5），但也有用户表示流畅度一般，有时会出现卡顿现象（证据2、4）。对于长时间使用后是否会越来越卡的问题，有用户提到使用时间长了之后会有“些许的卡顿”（证据3），但没有更多具体信息表明所有设备都会随时间推移而显著变慢。因此，可以总结为：大部分情况下系统是流畅的，但个别情况下可能会遇到卡顿问题，长期使用后轻微卡顿的可能性存在，不过具体情况可能因人而异。,"['用了一段时间，系统用的流畅，不卡顿，整体感觉不错？', '还好吧，流畅度一般，有时会卡机', '嗯，用起来很流畅，只是用的时间长，有些时候会有些许的卡顿', '也不咋的，卡，运行也慢', '运行很流畅，一点也不卡～挺好用的']",流畅度分歧明显：正面评价有‘系统流畅’‘运行飞快’‘安兔兔跑分12万’；负面反馈则称‘越用越卡’‘装完软件只剩700M内存’‘后台占1G内存’‘反应迟钝’‘经常死机’‘自动重启’‘系统优化差’，甚至有用户称‘没装软件就卡’。
音质和外放效果到底好不好？,"根据已有用户评论证据，可以得出结论：大多数用户认为该产品的音质和外放效果是好的。具体来说，有用户提到“外放声音很好听”（证据1），还有多位用户对音质表示了肯定，如“声音音质效果也不错”（证据2）、“音质很好”（证据3）以及“音质不错”（证据4, 5）。因此，基于这些反馈，可以说这款产品的音质和外放效果得到了用户的认可。","['外观好看，外放声音很好听。', '刚到还行，声音音质效果也不错', '不错不错，音质很好', '音质不错，也有质感，整体还可以吧。', '不错，音质确实可以，运行也比较流畅']",音效评价两极分化：大量用户盛赞‘音质超棒’‘立体声效果好’‘外放听歌看电影舒服’‘哈曼卡顿音效惊艳’；但亦有反馈‘扬声器没声音’‘一个喇叭不响’‘音量小’‘声音小到听不清’‘音质一般般’‘有电流声’‘嘶嘶声’。
有没有赠品？说好的钢化膜、保护套、耳机到底给不给？,根据已有信息，大部分用户反馈他们没有收到赠品，包括钢化膜、保护套和耳机。有用户提到看评论说应该会有这些赠品，但实际上他们并没有收到。因此，根据目前的证据来看，购买时可能并不包含这些赠品。建议您联系客服确认具体的赠品政策。,"['自己选择的就不要什么，赠品无所谓，用着还可以，无所谓了为了百八十的不至于，没赠品没钢化膜，啥都没有，耳机也没有', '还可以，就是为啥不送个钢化膜呢？', '不好 ，连个好评返现都不给， 别人店里还送保护套 耳机 什么的 ，买的平板电脑连纸质发票都没有。', '什么都没有送，看评论说有钢化膜和保护套的，拿到手什么都没有，太不地道了吧，太小气', '为什么没给我保护套和钢化膜']",赠品缺失是最大槽点之一：用户普遍抱怨‘什么都没送’‘只有裸机+充电器’‘没耳机没膜没套’‘赠品漏发’‘页面写有赠品实际没有’‘赠完即止成文字游戏’‘补发拖延一周’；仅少数用户确认‘赠送了耳机/膜/OTG线/会员卡’。
通话功能稳定吗？打电话听得清对方吗？,根据已有信息，部分用户反馈了通话功能的问题。有用户提到手机在通话时存在杂音，有时候对方听不到声音（证据3）。还有用户表示通话音量很小，即使调到最大也听得不是很清楚（证据4）。因此，从这些反馈来看，该产品的通话功能似乎并不稳定，打电话时可能无法清晰地听到对方。,"['有通话与无通话区别，指电话功能哦。其它性能一样一样滴。', '一般般吧，就是不可以打电话不好不怎么好不好不好不好不好不好不好不好不好不好不好不好不好不好不好不好不好', '那个手机通话的时候有杂音、而且有时候对方听不到声音、放歌也有咯咯的声音', '通话音量好小，调最大都听得不是很清楚，老人没法用', '特意没有买带通话功能的，屏幕清晰，用搜狐视频看电影很流畅不卡，看视频聊微信基本满足！']",通话体验问题突出：‘通话有回音’‘听筒声音特小’‘对方听不清’‘来电接不到也挂不断’‘通话版无法正常使用’‘信号差’‘4G网用不了’‘WiFi断流严重’；也有用户表示‘通话清晰’‘免提效果好’。
摄像头拍照效果真实吗？前置和后置都行不行？,根据已有信息，用户对这款产品的摄像头评价存在较大分歧。部分用户认为前后摄像头像素高，照片清晰度高（证据2）。但也有较多负面反馈指出，前置摄像头像素低，拍照效果差，照片模糊（证据1、证据3、证据4、证据5）。特别是有用户提到在光线充足的条件下，前置摄像头拍摄的照片仍然显得暗淡且质量不佳（证据3）。因此，关于该产品摄像头的真实拍照效果，尤其是前置摄像头的表现，似乎并不理想。对于重视摄像功能的用户来说，可能需要谨慎考虑。,"['像素是硬伤，其他方面还行，前置才30万，拍照都是花的', '前后摄像头像素高，照片清晰度高。', '屋里的灯都开着，光线非常充足，但是前置摄像头的效果，就是那种蓝黑色的，暗暗的，人看着和鬼似的。买来其实就是为了个姥姥，和家里人方便视频的，结果就是这么个效果。运行流畅。反正不在乎摄像头的，可以考虑买，对于摄像有需求的，完全可以考虑其他的了，这个不适合你，买了就后悔。', '摄像头太差，拍出来的照片效果差到爆', '感觉前摄像头像素没有1300万，而且照片质量不好']",影像能力广受诟病：‘前置摄像头像素烂’‘后置拍出来像50万像素’‘拍照模糊不清晰’‘照相效果极差’‘对焦失败’‘扫描二维码困难’‘录像音质变音’；仅个别用户称‘拍照清晰’‘色彩鲜艳’。
Wi-Fi连接稳不稳定？会不会频繁断网？,根据已有证据，Wi-Fi连接不是很稳定，并且存在频繁断网的问题。有多位用户反馈了类似的情况，包括突然没网速、断流严重以及在手机黑屏后无线网络会断掉等现象。因此，可以得出结论：该设备的Wi-Fi连接不稳定，并且会有频繁断网的情况发生。,"['不好，有的时候wifi会断网，有时会闪退？', 'Wifi网络不稳定，垃圾', '连着wifi突然就没网速了，wifi断流特别严重', '无线wifi接收性能弱，同一信号强度，华为手机可联上，这个不稳定', '不是很稳定，手机黑屏后无线网络就断掉了，很不方便。']",Wi-Fi稳定性差评集中：‘连上WiFi几分钟还接不上’‘WiFi断流特别严重’‘路由器边上都看不了视频’‘WiFi不工作’‘连WiFi总跳’‘无法连WIFI’；亦有用户表示‘WiFi信号强势’‘上网速度快’。
售后响应快不快？退换货流程顺利吗？,根据已有信息，用户对售后服务的反馈不一。有用户表示客服态度不错但提供的解决方案无效，且换货请求未得到满足（证据2）；也有用户提到京东售后很好，并顺利更换了新产品（证据3）。关于退换货流程，有用户抱怨实际操作与承诺不符，仅能更换同等型号的产品（证据4）。综上所述，部分用户的退换货体验并不理想，存在响应速度慢、流程复杂的问题。因此，不能一概而论地说售后响应快或退换货流程顺利。,"['想退货换好点的呢，结果有事耽误了，郁闷。。。。。。。', '东西买来不断有问题出现，咨询客服虽然态度不错，不过从来没得有用的回答，这么多天了问题还是没有解决。我不说退货，只是想换货客服也一直不答应，让我试这试哪，可是都没用。能不能把产品性能提升了再拿出来卖？？', '京东售后很好的，东西有问题，换的新的，正在试用中，具体情况后续提交', '分辨率极差，承诺七天退货，十五天换货，要求换货时才说明白要同换等型号的！', '太不行，反应太慢，退货']",售后体验普遍恶劣：‘客服推诿’‘电话无人接听’‘在线客服不回复’‘踢皮球’‘承诺处理却无结果’‘七天无理由退货形同虚设’‘超期不受理’‘维修要自付运费’‘检测结果矛盾’；仅少数用户肯定‘售后给力’‘迅速退款’。
屏幕有没有拖影或拖尾现象？影响观影吗？,"根据已有用户评论，关于屏幕拖影或拖尾现象的反馈存在差异。部分用户表示屏幕拖影非常严重（证据1、2、3），甚至影响到了使用体验；而有的用户则认为拖影有但不严重，并不影响使用（证据4）。还有一位用户提到自己在使用过程中并没有遇到网上反映的拖影问题（证据5）。

综上所述，该设备确实存在屏幕拖影的问题，但其对观影的影响程度因人而异。对于一些用户来说，这个问题可能比较明显且令人不满；而对于另一些用户而言，则可能觉得可以接受。因此，在购买前建议您考虑清楚这一点是否会影响您的使用体验。","['实话实说，屏幕拖影非常严重！非常非常严重！！好在只是用来看视频，视频还能接受，屏幕色泽跟电脑差距好大', '刚买的新机子，上百度搜个图片就出现了屏幕拖尾的情况，很不满意！', '拖影，平板自身素质问题，拖影很严重，严重影响使用，不要说什么专业术语，用户体验就是屏幕拖影', '拖影有，但是不严重，不影响使用。比想象中大，毕竟8.4寸。响应速度非常棒，950不是盖的。', '使用很流畅，屏幕很清晰，网上反映的拖影问题没有碰到，就是续航还有待提高']",拖影问题被反复验证：‘弹幕拖影严重’‘图片拖影’‘拖尾非常明显’‘护眼模式下更伤眼’；但亦有用户称‘未发现拖影’‘拖影不明显’‘不影响观影’，说明该问题存在个体差异或固件版本依赖。
屏幕边框（黑边）大不大？影响观感吗？,根据已有用户评论，屏幕的黑边确实比较大。有多位用户提到黑边明显，例如“就是黑边有点大”、“屏幕黑框实际比图片多出一个黑圈”、“大黑边框”、“黑边太恶心”以及“大黑边有点丑”。这些反馈表明，较大的黑边对部分用户的观感产生了负面影响。因此，可以认为这款产品的屏幕边框较大，并且可能会影响观感。,"['速度很快，屏幕清楚！就是黑边有点大', '商品图片图P出来的，屏幕黑框实际比图片多出一个黑圈。上下黑边实际接近图片金边，左右黑边约7-8mm', '就是个过度产品，大黑边框，没啥有点', '黑边太恶心，买个8寸屏，去掉黑边，实用6寸。', '屏幕还是不错的，亮度调节好像有点问题！系统bug吧，大黑边有点丑，其它都不错']",黑边问题被高频吐槽：‘黑边感人’‘边框超大’‘屏幕亮着时很丑’‘黑边太大’‘影响美观’；亦有用户表示‘黑边可以接受’‘无黑边’；另有反馈‘黑边大导致屏幕比例不适配APP’。
机身做工和材质怎么样？会不会轻易开裂或变形？,根据已有用户评论，机身的做工和材质存在一些问题。有用户提到机身材质感觉像塑料而不是金属，并且太软容易弯曲（证据1、2、3）。此外，还有用户反馈说机器使用不久后，边角的塑胶部分开始出现裂痕（证据4），以及配套的塑料保护套在没有摔碰的情况下四个角也出现了开裂的情况（证据5）。综上所述，该产品的机身可能存在易弯折及开裂的风险。,"['拿到手第一感觉就是塑料外壳，不是说是金属机身吗？感觉骗我', '速度很快，就是机身材质太软，容易弯，但是还能掰直', '机器用了两天变弯了，会不会越来越弯？？？', '用着还可以，但是做工很差，用了没多长时间，边边角角的塑胶部分已经开始裂了，很不满意', '主机还未发现问题，可配套的产品质量太次了，半个月，从未摔碰过，塑料保护套四个角竞然开裂掉了！！']",结构可靠性堪忧：‘用不到两个月外框裂纹’‘三个角已开裂’‘机身严重弯曲’‘背面不平’‘后盖有中空感’‘塑料感强’‘做工粗糙’；亦有用户称赞‘做工精细’‘金属质感好’‘纤薄精致’。
系统自带软件多不多？能不能卸载？,根据已有信息，可以得出系统自带的软件较多。关于能否卸载的问题，有用户提到很多自带软件是可以删除的（证据1），但也有用户表示华为自带的一些软件不允许卸载（证据3）。因此，对于部分自带软件来说，可能是可以卸载的，而另一些则可能无法卸载。具体情况可能会因设备型号或系统版本的不同而有所差异。,"['比想象中好，速度非常流畅，系统优化很好，使用非常便利，安装卸载软件都非常快，自带的很多软件也能删除，屏幕效果很好。', '帮别人买的，听说还可以，就是自带的软件有点多', '还行，不知道华为是不自信还是怎么的，给弄一堆华为的软件，还不允许卸载，又不好用，这又是何必呢，都什么社会了，要开放，开放。所以给一分。其他OK', '手感可以，自带太多系统', '二，应用，安卓的软件开放性很大，下载很方便，正因如此，有的软件不是正规的，可能有毒，还存在流氓软件，还有一点应该是广告太多，没法关闭，有点恶心。']",预装软件成痛点：‘系统自带软件自动运行，占1G内存’‘一堆华为软件不允许卸载’‘预装应用太多’‘太多没用软件’；亦有用户称‘预装应用很少’‘可删除大部分软件’。
屏幕贴膜难不难贴？官方膜质量如何？,根据已有信息，用户普遍反映屏幕贴膜比较难贴。关于官方膜的质量，没有直接的评论提到，但有用户因为自己贴膜效果不好而影响了整体体验。因此，可以推测官方膜可能也存在一定的贴膜难度。建议在贴膜时寻求专业人士的帮助以获得更好的效果。,"['很不错，只是贴膜不能贴好吗？自己贴的实在是难看，毁了一张贴膜', '不咋好，显示不清楚，想贴膜的', '非常好用，屏幕清晰，哈曼卡顿好，就是保护膜难贴', '屏幕很大，开机比较惊喜。，自己买的膜，刚刚贴上比较难贴，因为屏幕太大了。因为平时都是用的五寸的手机。', '初次使用还不错，就是膜没贴好，建议贴膜的时候找专业人士！']",贴膜体验差：‘贴完膜惨不忍睹’‘膜比屏幕大/小’‘贴膜有气泡’‘高透膜贴不好’‘送的膜尺寸不配套’‘膜一贴就掉’‘膜质量差’；亦有用户未提及贴膜问题或称‘膜挺好’。
有没有发票？开发票流程顺利吗？,根据已有信息，用户反馈普遍提到没有收到发票，并且对于开发票的流程表示了不满。因此，可以得出结论：很多用户没有收到发票，开发票的流程似乎并不顺利。,"['怎么没开发票那，希望再查的时候能开好电子发票。', '发票都没有，真不怎么样', '说好开发票，一直没有来过来，投诉也没有用？', '没有发票，赐买时确认有发票为什么没有？', '手机还可以，就是没开发票']",发票问题频发：‘说好开发票没给’‘发票迟迟不发’‘客服让补发却未兑现’‘要求提供截图才开’‘说发票已寄出但未收到’‘发票信息错误’；亦有用户确认‘开了发票’‘发票齐全’。
屏幕亮度和色彩表现如何？是否偏色或发白？,根据已有信息，屏幕亮度和色彩表现存在一些问题。有用户反馈屏幕亮度不够亮（证据1），并且有时会出现闪烁的情况，即一会儿亮一会儿暗（证据2）。此外，还有用户提到屏幕色彩非常糟糕（证据5），以及屏幕总体有些发白且无法通过调整或刷机解决（证据4）。综上所述，该产品的屏幕在亮度和色彩方面似乎并不理想，存在偏色及发白的问题。,"['屏幕亮度不够亮，其他还好啊', '屏幕亮度有时老闪 一会亮一会暗 怎么回事啊', '显示屏比较模糊～', '屏幕总体有些发白，调整不了，刷机了也不行，懒得退了', '屏幕色彩非常糟糕，不建议购买。真实评价']",显示素质争议大：有用户称‘色彩鲜艳’‘色温可调’‘显示细腻’；但更多反馈‘颜色不对很晕’‘发白发污’‘色彩失真’‘屏幕发暗’‘亮度不够’‘阳光下反光严重’‘屏幕一层膜都没有’。
存储空间虚标吗？16G/32G实际可用多少？,"根据已有信息，用户反馈显示购买的设备实际可用存储空间确实少于标注的容量。具体来说：

- 对于标注为16G内存的产品，用户报告的实际可用空间在4G到11.27G之间（证据1, 2, 4, 5）。
- 对于标注为32G内存的产品，有用户提到实际可用空间只有24G左右（证据3）。

需要注意的是，操作系统和其他预装软件会占用一部分存储空间，这是正常现象。然而，从用户的反馈来看，他们认为实际可用空间与预期相差较大，感到不满。因此，可以认为存在存储空间虚标的问题，但具体每个设备实际可用多少存储空间可能因型号和系统配置而异。建议联系客服获取更准确的信息或考虑退换货选项。","['用着还可以就是内存不够，说好的16G呢？怎么只有4个G可以用啊！唉现在的商家能靠谱吗', '明明标注16g内存，发现只有10g！别告诉我系统占6个g！', '商品标注的内存是32G，东西拿到手一看，只有24G，我知道机子原有的系统要占一定的内存，但是这差距也太大了吧，一般的机子也就差个4G左右，这个一差差了8G，这一定是有问题的，偷工减料太明显了。', '不是说16G吗，怎么我看我的存储量只有11.27，客服竟然要我恢复出厂设置，我买的是新啊。请给我个满意的答复。', '为什么16G的存储只有11G，差这么多是欺骗消费者吗？我买8G的是不是只有5G,七天之内无条件退货，必须退']",容量缩水被多次证实：‘16G内存只有10-12G可用’‘32G只剩9G’‘系统占用过大’‘可用空间仅4G’；亦有用户表示‘128G够用’‘TF卡扩展方便’。
指纹识别灵敏吗？解锁快不快？,根据已有信息，用户对这款手机的指纹识别灵敏度和解锁速度有不同的反馈。一些用户认为指纹解锁很灵敏且快速（证据1、3），但也有用户表示指纹识别不太灵敏，需要多次尝试才能成功（证据2），甚至有用户提到指纹识别不管用（证据4）。因此，关于指纹识别的灵敏度和解锁速度，用户的体验存在较大差异。,"['指纹解锁很灵敏，不玩游戏，办公用，非常流畅。', '用了一段时间，感觉还可以，不过指纹识别不太灵敏啊，每次都得按几次', '指纹解锁很快很快，和mate9差不多了。', '指纹识别不管用，耳机听不清，触屏敏感，这一星我给快递吧。', '这个手机除了指纹识别以外，一点都不好，而且和老年机一样，']",指纹模块评价不一：‘指纹解锁超快’‘一触即开’；但亦有用户称‘指纹解锁不灵敏’‘验证失败多次’‘home键不可按’‘指纹按键附近有擦不掉瑕疵’。
系统升级体验如何？更新后变卡还是更流畅？,根据已有信息，用户对于系统升级后的体验存在不同的反馈。一部分用户表示系统更新后变得更流畅了（证据1、2、4），并且有用户特别提到看电影不卡顿，音响效果也很好（证据2）。然而，也有用户建议不要升级系统，担心随着系统版本的升高，设备配置可能跟不上，从而导致运行速度变慢（证据3）。此外，一位用户提到在初次使用时遇到了卡顿问题，但通过升级系统得到了改善；不过，在使用过程中还是偶尔会遇到小卡顿的情况（证据4）。综上所述，大多数用户的反馈倾向于认为系统升级后体验有所提升，但也需要注意可能存在因设备配置与新系统兼容性问题而导致的速度下降风险。,"['货到的很快 开机更新系统后 很流畅 不错。', '很流畅，系统更新以后更好。看电影一点不卡。尤其是音响很好。', '挺好用的，高清，超薄，运行速度快，我的建议是不要升级系统，一旦系统升级的越来越高，配置不匹配，容易拖慢速度', '怎么说呢买回来卡过一次，我升级了系统才好了的，中间也小卡过几次，价钱虽在那里可毕竟也是才买回来的呀……', '用了一段时间，系统用的流畅，不卡顿，整体感觉不错？']",升级反馈矛盾：有用户称‘升级后优化不错’‘系统更流畅’；但亦有反馈‘升级后更卡’‘升级两次后变慢’‘升级耗时极长’‘升级后出现新bug’，还有用户因‘升级失败’‘系统推送烦人’而反感。
屏幕抗摔性如何？轻微跌落会不会碎屏？,根据已有用户评论证据，该产品的屏幕抗摔性较差。有多位用户反馈在轻微跌落或碰撞的情况下（例如从30公分高处掉落、不小心压到等），屏幕就出现了碎裂的情况。因此，可以得出结论：这款产品的屏幕在面对轻微跌落时存在较高的碎屏风险。,"['摔了一次屏幕就碎了。而且之前的降价也不是真的的，说是限时降价，其实就是899.', '24号买的，手中不小心滑落屏已经碎，时时刻刻，分分秒秒做好换屏的准备。', '刚用第一天，从50CM高摔了一下，屏碎了一半。这质量呵呵了', '不耐摔，小孩子玩从30公分的床掉到木地板，碎屏没显示了，拿去厦门市思明区湖滨东路61号华为售后服务修，说要换屏幕总成，仓库没货，总部没货，问她先报个维修价格，答复换个屏估计得56百块钱吧，那我也认了，说帮我查下屏幕总成的价格，回去等电话，几天没消息，自己又打电话去问，说还是查不到啊，叫我再等几天打电话去问问，我ri，什么玩意，买来半个月就碎屏了，你说是换还是不换？？？？？？？？？', '屏幕太脆弱，才买两天，放在床上，不小心压了下，内屏就碎了，之前的三星平板摔屏幕都没事，又花400去华为客服去换个内屏。']",碎屏风险高：‘摔一次屏幕就碎’‘甩一下就破’‘没摔过但边缘开裂’‘屏幕易碎’‘建议买意外碎屏险’；亦有用户称‘用了几个月没碎’‘屏幕结实’。
有没有信号问题？移动/联通/电信卡兼容性如何？,"根据已有用户评论，这款手机存在信号问题的反馈。具体来说：

- 有用户提到通话质量不好，网络信号非常差（证据3和证据4）。
- 另一位用户表示手机信号一般，但不确定是否为手机本身的问题（证据5）。

关于移动/联通/电信卡兼容性：
- 该手机不支持电信卡（证据1）。
- 对于联通卡，有用户指出仅限使用联通3G，并且在购买时网页上没有明确说明这一点（证据2）。
- 至于移动卡，虽然没有直接提及完全不兼容，但从证据2可以推断出可能存在兼容性问题或限制，因为该用户最终选择了更换为联通电话卡来解决遇到的问题。

综上所述，这款手机似乎对不同运营商的支持情况有所不同，尤其是对于电信卡不支持，而联通卡则可能仅限于3G服务。同时，多位用户报告了信号不佳的情况。","['用了一段时间了，没发现什么问题，还是不错的，不过不支持电信卡', '仅限联通3g，网页没说明。开始一直以为是信号和卡的问题，最后移动工作人员发现是机器问题，第八天不能退了，换移动版要加两百多。最后只好换联通电话卡。机器本身用着暂时没问题。', '通话质量不好，网络信号更是超级不好，很失望', '这款手机不知道怎么回事，信号非常差，有时根本接不到电话', '电池不是很耐用，手机信号一般，目前还不能确定是不是手机本身问题']",网络兼容性存疑：‘不支持电信卡’‘卡二只能用2G’‘全网通实为移动全网通’‘信号差’‘靠着信号塔信号也不超两格’；亦有用户称‘信号非常好’‘接收很快’。
屏幕反光严重吗？室内和户外使用体验差别大吗？,根据已有信息，用户评论中提到屏幕反光比较严重，可以当镜子用（证据1），但没有直接提及室内和户外使用体验的具体差别。因此，可以确定的是屏幕存在明显的反光问题，这可能在光线较强的环境下，比如户外，会更加影响使用体验。不过，对于室内与户外具体的使用体验差异，根据已有信息，无法得出结论。建议如果对反光敏感，可以考虑贴磨砂膜来减少反光的影响，尽管这样可能会稍微降低显示效果（依据证据1）。,"['这价钱，符合预期。 感觉就是屏幕反光比较严重，可以当镜子用，建议贴磨砂膜，这样显示效果会稍微差一点，但至少不会反光。', '不错，屏幕大，用起来眼睛不累', '很好，反应速度可以，屏幕清晰度高', '实话实说，屏幕拖影非常严重！非常非常严重！！好在只是用来看视频，视频还能接受，屏幕色泽跟电脑差距好大', '不好，反应慢，屏幕不清晰']",反光问题突出：‘屏幕反光可以当镜子’‘阳光下表现差’‘反光厉害’‘镜面感发光严重’；亦有用户未提反光或称‘可视角度广’。
系统广告多不多？能不能关闭？,根据已有信息，有用户提到广告太多且没法关闭（证据2），但也有用户表示系统还算干净（证据3）。因此，关于系统广告的数量以及是否能够关闭的问题，不同用户有不同的体验。建议您在购买后根据实际情况进行查看和设置。如果确实存在大量无法关闭的广告，您可以尝试联系客服寻求解决方案。,"['一星都不想给，首先发货不按时发，然后就是满电的状态下视频播放4小时左右就没电自动关机了，不是说好的可以连续播放10几个小时的吗...真不能看广告啊！！！', '二，应用，安卓的软件开放性很大，下载很方便，正因如此，有的软件不是正规的，可能有毒，还存在流氓软件，还有一点应该是广告太多，没法关闭，有点恶心。', '东西不错，系统还算干净，不用装其他的管理软件了，屏幕最爽了，够大，速度快，到现在为止没有死机，', '按键不灵，屏幕也时常不能点，发个信息都不行，才买两个月', '系统方面，不懂、使用的时间目前还很少，不好评价。不过使用个东西就要求这个授权那个授权，对这个有点小意见。']",广告困扰明显：‘广告太多没法关闭’‘浏览器过滤广告371条’‘系统自带广告’；亦有用户未提及广告或称‘预装软件少’。
屏幕是否有坏点、亮点、漏光等显示缺陷？,根据已有信息，可以得出以下结论：有用户提到屏幕存在坏点（证据1和证据5），但没有明确提及亮点或漏光的问题。因此，可以说这款产品的屏幕可能存在坏点这样的显示缺陷，但对于亮点和漏光问题，根据已有信息无法得出结论。,"['屏幕有一个坏点。。。。唉！！！', '屏幕亮度不够亮，其他还好啊', '屏有点问题。', '屏幕还是不错的，亮度调节好像有点问题！系统bug吧，大黑边有点丑，其它都不错', '屏幕有个小点不是很明显擦不掉不知道为什么 不影响显示 也就没在意']",显示缺陷频现：‘屏幕左下角有亮点’‘屏幕有坏点’‘屏幕里边有脏东西擦不干净’‘屏幕有黑线/竖纹/白光’‘屏幕漏光’；亦有用户称‘屏幕无坏点’‘显示正常’。
机身重量和握持手感如何？老人小孩用着累吗？,根据已有信息，用户对这款机器的握持手感评价不一。一些用户认为手感可以（证据2、3），但也有用户觉得手感一般（证据4）。关于机身重量，有用户提到它比手机大但是很轻便（证据1），因此从这个角度来看，老人和小孩使用时可能不会感到特别累。然而，也有用户个人感觉机器有些大（证据5），这可能意味着对于某些人来说，长时间握持可能会有些不便。总体而言，大部分反馈表明该设备相对轻便，但对于特定人群（如老人和小孩）是否会觉得累，则取决于他们个人的手感偏好及使用习惯。,"['比手掌小，比手机大，很轻便，用着还好呢', '机器不错，手感可以，运行流畅。', '手感不错，反应也挺快的，值得拥有', '刚到还在用，机子不错，手感不怎么样。', '高配的没买上，老人看好的机器，个人感觉有些大。']",便携性评价两极：有用户称‘有点重’‘拿久了手酸’‘单手放斩杀都放不了’；亦有反馈‘轻薄’‘重量足可接受’‘大小合适’‘老人用着不费劲’。
有没有蓝牙连接问题？能否稳定连接耳机或键盘？,根据已有信息，有用户反馈存在蓝牙连接问题。证据1中提到“蓝牙不能连接”，证据5也提到“蓝牙不可以用就是搜不到”。此外，证据2指出需要每次回家后重新开关平板上的WF才能连接上，不能自动连接。因此，可以得出结论：该产品存在蓝牙连接不稳定的问题。,"['蓝牙不能连接，质量控制还是不行啊', '皮套，耳机，膜，等等，，，，什么都没有送，就一个充电器，每次回家都要重新开关平板上的WF，才能连接上，不能自动连接，，音质可以，声音大', '之前在京东买了个小蜜蜂，挂绳的地方一个月不到就断了，蓝牙耳机也没多久都出现问题。想着不值几个钱，没啥大碍就没有说啥。现在想想以后一定要学会维护自己的利益。', '上午*下午*送蓝牙键盘，我只收到裸机，没有键盘，申请补发，客服让提供截图，难道我们每次下单都要防贼一样吗！', '蓝牙不可以用就是搜不到，气死了，分辨率确实不高，要是有钱，就买苹果了。']",蓝牙问题偶有提及：‘蓝牙键盘没收到’‘蓝牙连接不稳定’；但多数评论未涉及此维度，仅少量用户确认‘蓝牙正常’。
系统UI设计合理吗？虚拟键和返回逻辑顺手吗？,根据已有信息，用户对系统UI设计和虚拟键的反馈存在分歧。部分用户认为UI设计不够好，系统界面需要重新设计（证据1、5），并且虚拟导航键不好用，有的软件没有质量退出键（证据2）。另一方面，也有用户表示系统优化不错，使用起来很流畅，虚拟键的滑动和点击返回功能非常好用（证据3）。但有用户提到返回键占用屏幕一行，看起来特别不舒服（证据4）。综上所述，对于系统UI设计是否合理以及虚拟键和返回逻辑是否顺手的问题，用户的体验并不一致，存在正反两方面的评价。,"['显示真的不够高清。UI做的也不够好。部分软件适配不完美。电池能力一般。特别讨厌此机的虚拟导航键……总之不会推荐朋友下单。', '就是虚拟导航键不好用，有的软件没有质量退出键', '屏幕显示很给力，系统优化也不错，很流畅，使用起来把苹果?甩了几条街，虚拟键的滑动和点击返回功能非常好用，包装精致，京东自营第二天准时派件。唯一缺陷，指纹识别解锁功能偶尔会失灵，只能密码解锁。', '返回键还占用屏幕一行，看起来特别不舒服，设计的太差了', '感觉外观不怎么好看，系统界面也需要重新设计']",交互设计遭批评：‘返回键占用屏幕一行’‘虚拟导航键讨厌’‘home键不可按’‘退出界面要等很久’‘系统UI做的不好’；亦有用户称‘操作简单’‘习惯安卓逻辑’。
有没有自动关机、黑屏、蓝屏等严重系统崩溃？,"根据已有信息，用户反馈中确实提到了自动关机、死机（表现为黑屏）的问题。具体来说：

- 有用户提到设备会“有时候会自动关机重启”且找不到原因（证据1），以及“用了一段时间老是自动关机！”（证据2），这表明存在自动关机的情况。
- 另外，“总是死机，开不开机，按电源按钮有振动，屏幕一直黑的”（证据4）说明了存在黑屏问题。
- 还有一位用户报告说“刚使用系统就死机，随便点个东西进去上下两条黑边，重启才能解决”（证据3），这也是一种形式的系统崩溃。

至于蓝屏问题，在提供的评论里并没有直接提及。因此，可以确认的是该产品存在自动关机和黑屏的现象，但没有明确证据显示会发生蓝屏。","['有时候会自动关机重启 都检测不出来原因 好郁闷啊', '用了一段时间老是自动关机！', '刚使用系统就死机，随便点个东西进去上下两条黑边，重启才能解决，4次了', '总是死机，开不开机，按电源按钮有振动，屏幕一直黑的， 其它没有问题，但这个问题很烦恼，客服也没给出好的解决方法。', '系统可能有问题，经常收不到短信。经常自动重启。屏易碎。']",崩溃问题属实：‘自己关机自己开机’‘看视频突然黑屏’‘蓝屏一次’‘系统崩溃’‘强制关机才恢复’；亦有用户称‘运行稳定’‘未出现崩溃’。
屏幕尺寸和比例适合看视频吗？横屏体验如何？,根据已有信息，用户们普遍认为这款设备的屏幕尺寸较大，适合用来观看视频。有多条评论提到“屏够大，用来看视频挺不错的”、“手机屏幕大，看视频方便”以及“特别大的屏幕，看电视剧特别爽”，这些都表明该设备在播放视频时能够提供良好的视觉体验。特别是对于横屏观看视频的情况，虽然没有直接提及，但考虑到大屏幕的优势，可以推测出横屏观看也会有不错的效果。不过，请注意也有用户反馈说屏幕分辨率较低，可能会影响高清视频的观看质量。综上所述，除了对清晰度有一定要求的用户外，大多数用户觉得这款设备的屏幕尺寸和比例是适合看视频的。,"['屏够大，用来看视频挺不错的', '手机屏幕大，看视频方便', '都说像素低，其实还好，看视频清晰度不逊于高端平板。', '这款平板非常不好，屏幕分辨率很低，看高清视频非常不清楚！！！！！！！！！！！！！与商家描述高清不符。另外摄像头像素太低，聊个微信视频啥都看不清，不建议大家购买。', '特别大的屏幕，看电视剧特别爽，屏幕分辨率也还好，我觉得很满意！没有他们说的那么不清晰，除了照相的像素有点差！光用来看电视还是相当舒服滴！幸好买的9.6寸的，就是大！哈哈！']",影音适配存短板：‘屏幕比例适合看电影’‘看剧爽歪歪’；但亦有反馈‘看视频不能横屏’‘APP不支持横屏’‘横屏使用感不如iPad’‘屏幕太细长’。
有没有信号干扰问题？比如Wi-Fi和蓝牙共存异常？,根据已有信息，无法得出结论。提供的评论中没有具体提到Wi-Fi和蓝牙共存时出现异常或信号干扰的问题。不过，有多条评论提到了设备存在WLAN/WiFi信号不稳定、4G网络信号差的情况。但这些反馈并没有明确指出是由于Wi-Fi与蓝牙之间的干扰导致的。,"['不好，wlan信号时有时无！', '买了台问题机，经常什么信号都没，电话网络什么都没信号，砖头', '无线wifi接收性能弱，同一信号强度，华为手机可联上，这个不稳定', '系统可能有问题，经常收不到短信。经常自动重启。屏易碎。', '今天刚刚收到，发现很多问题，耳机没有就算了，连膜都不贴，有必要这么省吗？还有这破机信号又不好，4g网络老是没信号，屏幕也不清']",干扰问题偶有报告：‘Wi-Fi和蓝牙共存时断流’；但该问题提及频率远低于Wi-Fi单独断流，多数评论未涉及此技术细节。
系统省电模式有效吗？开启后续航提升明显吗？,根据已有信息，无法得出明确结论。有用户反馈即使开启了智能省电模式或超级省电模式，续航能力仍然较差（证据2、3）。但也有用户提到电池续航时间和使用方法有关，并且对整体体验表示满意（证据4）。因此，关于系统省电模式是否有效以及开启后能否显著提升续航时间，不同用户的体验存在差异。,"['性能不好，电量续航太差', '一点都不行，真的太差了，充电时间太长了，太费电，用的还是智能省电模式的，而且还是太费电，真的太差了～', '续航能力太差了，超级省电都开了还待机都待不了一天，换电池还是一样，后背指纹经常识别不了，不黑不吹！', '体验不错，就是电池不是很给力！续航时间一般，当然和使用方法有关系。总体满意', '还不错，用了一段时间，感觉就是耗电快']",省电策略效果不一：有用户称‘开启省电模式续航更久’‘省电模式值得表扬’；但亦有反馈‘省电模式无效’‘待机耗电仍快’‘系统纯待机耗电比苹果快’。
有没有儿童模式或长辈模式？适配老人小孩使用吗？,"根据已有信息，无法直接得出该产品是否具有专门的儿童模式或长辈模式。但是，从用户评论中可以看出，这款产品因为其简单的系统操作和适合玩小游戏的特点，被多位用户认为非常适合老人使用（证据2, 3, 4, 5），同时也适合小孩看电影、玩游戏（证据1）。因此，可以推断出这款产品在实际使用上是比较适配老人和小孩的需求的。","['目前使用良好，适合小孩老人看电影，玩小游戏！', '活动时买的，给老人玩微信专用的，对功能要求不高，试用了几次，还行。', '给老人买的，挺好用一般小游戏足够用了', '系统操作简单，特适合中老年人使用，大小合适！', '还可以，老人家用']",适老适幼功能获肯定：‘儿童乐园设置科学’‘给老人用字大屏大’‘爸妈用得很溜’‘老人用着不费劲’；亦有用户称‘字体太小老人看不清’。
屏幕色彩准确度如何？修图或设计能否参考？,根据已有信息，无法得出关于屏幕色彩准确度是否适合修图或设计的明确结论。有用户提到“屏幕色彩非常糟糕，不建议购买”，这表明至少对于某些用户来说，色彩表现是不满意的。但是，没有更多的具体信息来说明色彩偏差的程度以及它对专业工作如修图或设计的影响程度。因此，基于当前提供的评论证据，我们不能确定该屏幕是否适用于需要高色彩准确度的专业任务。,"['从专业来讲，屏的分辨率足够高，肉眼已经无法区分像素格子；另外画质上看不出明显的mura、亮点等不良（要在低灰阶画面下看）；硬件上还是很不错的。', '可以，非常给力就是屏幕分辨率低了一点，其他很好！', '屏幕色彩非常糟糕，不建议购买。真实评价', '屏幕亮度不够亮，其他还好啊', '屏显不清楚 很模糊']",专业显示未被验证：所有评论均未提及色准、Delta E、sRGB覆盖率等专业参数，仅泛泛描述‘色彩鲜艳’‘发白’‘偏色’，无用户用于专业创作场景。
有没有红外遥控功能？能否控制电视空调？,根据已有信息，无法得出结论。提供的评论中没有提到该产品是否具有红外遥控功能或能否控制电视空调的信息。,"['主要用来给小孩看电视，没怎么用其它的功能，具体好不好还不清楚，能打电话还是不错的，关键时可以当手机用', '给我老爸买的，他就看电视就可以，然后电量够用，挺好的', '二月份买的，现在就各种问题，不插电就黑屏！按哪里都不管用！京东越来越不值得信赖了！才买个空调，四天了才来按，结果尺寸不合适，我还得自己出50运费让人取走，真是店大欺客了！恶心！', '给妈妈买了看电视的 可以啊', '产品看电视很不错，给我弟弟买的声音很不错，我买的是可以打电话哦，']",红外功能缺失引发失望：‘没有智能遥控’‘加红外线要几块钱？’‘P9不支持红外线’；该功能在评论中属明确缺失项，非性能差异。
屏幕玻璃硬度如何？是否容易刮花？,根据已有信息，无法得出关于屏幕玻璃硬度的具体结论。但是，从用户评论中可以看出，有几位用户遇到了屏幕花屏或破屏的问题（证据1、3和4），这可能意味着该产品的屏幕在耐刮擦和抗压方面表现不佳。然而，也有用户表示屏幕够大且体验良好（证据5）。因此，对于屏幕是否容易刮花这个问题，目前的反馈是存在一些负面情况的，但具体情况可能会因使用习惯和个人经历而有所不同。,"['用了一个月，没有按压，没有摔，屏幕已经花屏了，两个光点', '屏幕不是太好？', '才买回三天就破屏，是泥做的吗？怎么破屏都不知，真的很受伤。不是刚化玻璃吗', '物品拆开时有黏液物把屏幕给弄花了，这个问题希望商家在包装时注意，性能方面还在研究！以后再评价！', '很好，屏幕够大，爽，可惜磨被我贴坏了']",抗刮性未被直接测试：评论中无用户提及莫氏硬度、钢丝绒测试或日常刮擦实验，仅间接反映于‘屏幕有划痕’‘贴膜防刮’等表述。
有没有NFC功能？能否模拟门禁卡或公交卡？,根据已有信息，无法得出结论。提供的评论证据中没有提到关于NFC功能以及是否能够模拟门禁卡或公交卡的信息。,"['这一款是不能插卡的但是为嘛还不能用WiFi钥 匙？必须要有无线网密码才能用WiFi 这垃圾玩意一点都不人性化！就这一点大家要买还是好好考虑一下 就我而言没有买的价值 还有就是没有保护套 也没有保护贴膜', '可以连wifi，信号不错啊', '说不卡的都是，自己体会，好多功能都没有双击唤醒屏幕，等等，又卡，哎！上当了', '支持WiFi，但不支持手机4G。用着还挺流畅，但打开照片时会有些延迟，由模糊到清晰', '其他的还可以,就是wifi连接数据传输太慢了,玩个消消乐都能卡到那里不会动，一直都是正在联网同步数据,情保持网络畅通,京东购物什么的都卡了不会动，点个商品半天出不来.']",NFC功能未被任何评论提及：全部1585条评论中无一处出现‘NFC’‘门禁’‘公交卡’等关键词，属功能盲区。
系统文件管理是否方便？能否自由访问SD卡和内部存储？,根据已有信息，无法得出关于系统文件管理是否方便以及能否自由访问SD卡和内部存储的直接结论。但是，从证据中可以看到一些与SD卡使用相关的问题。例如，有用户提到设置默认存储为内存卡时会出现读不出来的情况（证据3），还有用户表示无法安装SD卡（证据5）。这些反馈可能意味着在实际使用过程中，对于SD卡的支持存在一定的问题或限制。然而，这并不足以全面评价整个系统的文件管理功能。,"['性价比高，系统运行很流畅，日常办公足够用。当然自己加个存储卡', '可以支持内存卡', '不怎么样，系统有问题。在系统里面设置默认储存为内存卡的话，很容易出现内存卡读不出来的现象，重启能解决，也不知道是不是系统问题还是设备问题。', '总体还好，但是看PDF文件会有卡顿出现', '无法安装sd卡，郁闷啊，要怎么办呢？、、、']",存储管理偶有抱怨：‘TF卡和双卡二选一’‘不能读取SD卡’‘文件管理不直观’；但多数用户未深入讨论此底层交互。
有没有陀螺仪或传感器漂移？影响游戏或导航吗？,根据已有信息，无法得出结论关于陀螺仪或传感器是否漂移的问题。但是，有用户提到该设备没有陀螺仪（证据2），并且有几位用户反馈了使用过程中遇到的问题，比如玩游戏时出现卡顿（证据3）、触屏失灵（证据4）等现象，这些可能会影响到游戏体验。至于导航功能，一位用户认为还不错（证据1），但并没有具体提到陀螺仪或传感器对导航的影响。因此，对于陀螺仪或传感器是否漂移以及它们如何影响游戏或导航的具体情况，我们没有足够的信息来做出判断。,"['主要是导航用，挻不错的。', '不要买 没有陀螺仪。没有微信运动。搞什么事情啊。不是什么高大上的机子。支持国货。这样也太坑人了。想要记步 的 微信。就不要买了。最讨厌 退货了。无意了。', '不好用，玩游戏卡得很，信号接差', '触屏有问题，按着屏幕图标拖一会儿，就会失灵，玩王者荣耀，方向控制轮 盘，控制一会也会失灵', '不知道怎么的，感觉不太会玩，应该是不太好用吧，唉。。。']",传感器问题未被明确报告：无用户提及‘陀螺仪不准’‘指南针漂移’‘体感失灵’等，该维度在全部评论中缺失。
屏幕频闪是否明显？DC调光或类DC调光开启了吗？,根据已有信息，无法得出关于DC调光或类DC调光是否开启的结论。但是，从用户评论中可以看出，屏幕频闪问题是存在的，并且在多个场景下被提及，比如看视频时屏幕会闪烁（证据1、3、4、5），甚至有用户提到屏幕亮度变化无规律地一闪一闪（证据2）。因此，可以认为屏幕频闪现象是比较明显的。,"['屏幕亮度有时老闪 一会亮一会暗 怎么回事啊', '这手机买回来下一个片就给我卡了，屏幕一闪一闪的可以用来当闪关灯。开机后又正常了，只要不嫌麻烦买这用来看片很爽。自从有了闪关灯这手机比我想象的功能要强大很多。闪后重新开机而已我可以接受就是麻烦了一点。这个闪光灯功能每次要是有规律一点就好了，一天天的琢磨不透。再改进一下每次闪不要重新开机就更加优秀了。鉴于你的这个功能没做好我不能给你满分希望你们继续努力。', '凑合吧！看视频屏幕会闪，不知道什么原因。我该怎么办？', '播放视频时，下面半屏会闪蓝屏！不知道是怎么回事！求解！！！', '看视频闪屏，更换一个还是如此']",频闪问题未被科学描述：用户仅笼统称‘眼睛疼’‘刺眼’‘伤眼睛’，无一人提及PWM频率、频闪百分比或调光方式，属主观感受范畴。
有没有防水防尘设计？日常泼溅是否安全？,根据已有信息，无法得出结论。提供的证据中没有提到关于防水防尘设计的信息。,"['说好的屏幕保护膜在哪里？里面除了一个裸机啥都没有，算不算欺骗？', '比想象中的好很多，快递也很快。我就想问问是不是我买的这款没有保护套和防爆膜呀！', '买了两个，使用才两个多月，有一个发生屏幕无法操作，发回去告诉我进水，里面已经霉变。这理由，太牛逼！', '不是有送保护套外壳吗？怎么就裸机了？这不是欺骗消费者吗？', '垃圾，保护膜都没有']",防护等级未被验证：全部评论中无‘IP67’‘防水’‘防尘’‘泼溅’等表述，亦无用户进行相关测试或事故报告。
系统字体渲染是否清晰？中文显示有无锯齿或模糊？,根据已有信息，无法得出结论。用户评论中提到了显示屏模糊、不清晰等问题，但没有具体提到系统字体渲染是否清晰以及中文显示是否有锯齿或模糊的情况。,"['屏显不清楚 很模糊', '不清晰，不好', '显示屏比较模糊～', '清晰度大差了，没有想象中那么好', '分辨率太低，太模糊！系统太低，没升级！']",字体渲染偶有提及：‘网页字体不能调’‘字体太小’‘图标边缘迷糊’；但未展开至亚像素渲染、ClearType等技术层面。
有没有深色模式？夜间使用是否舒适？,根据已有信息，无法得出结论。在提供的用户评论证据中，并没有提到关于深色模式的信息，也没有直接说明夜间使用的舒适度如何。不过，有一位用户提到屏幕稍微暗了些（证据 5），这可能意味着在较暗环境下使用时，屏幕亮度可能不够理想，但这并不足以全面评价夜间使用的整体体验。,"['可以的，在没有打开应用程序的情况下，只要不操作就会进入休眠状态', '很一般的产品，常常黑屏，设置显示5分钟后休眠，常常是不到10秒就休眠，使用起来好痛苦，也没有设置返回键，有时一个画面打开后，退不出来，好烦人。', '挺好用的，每晚都要玩玩才睡觉', '靠，模都没有，靠真是裸机，平常买手都有模，还有触感不好，点击不灵。', '不错好用。。。。。。。。就是屏稍微暗了些']",深色模式未被任何评论提及：全部文本中无‘深色主题’‘夜间模式’‘暗色’等关键词，属功能空白。
屏幕玻璃是否为康宁大猩猩？具体是第几代？,根据已有信息，无法得出结论。提供的用户评论中没有提到关于屏幕玻璃是否为康宁大猩猩以及具体是第几代的信息。,"['东西一般般，屏幕太大了', '息屏还能看一下，亮屏后丑的一逼，巨宽的黑色边框，虚拟按键还要占屏幕一大片面积。产品经理脑子有屎？', '今天刚收到，感觉屏幕比例不怎么协调，个人感觉，等玩几天再详细评论吧！', '买的第二部了，给父母用，屏幕大，非常不错！！', '感觉屏不是很灵活，不知道是不是膜的问题']",玻璃型号未被披露：所有评论均未出现‘康宁’‘大猩猩’‘GGV’等字样，用户无法从外观或耐刮性推断具体代际。
有没有双击唤醒或手势唤醒功能？,根据已有信息，华为x2没有双击唤醒功能。关于手势唤醒功能，提供的证据中并没有提到，因此无法得出结论。,"['华为x2没有双击唤醒', '说不卡的都是，自己体会，好多功能都没有双击唤醒屏幕，等等，又卡，哎！上当了', '打电话也经常是只振动，没声音， 重启就好了，', '其他功能还好，不过最近用手机的手电筒的时候会死机，大概是开30秒左右手电筒就会死机，有什么办法解决吗？', '一般般，支持国货这个价位值了，不过好像没了双击屏幕唤醒功能。']",唤醒功能缺失被指出：‘没有双击唤屏’‘没有感应开关屏’‘屏幕不会自动亮’；该功能在评论中属明确缺席项。
玩游戏会卡顿吗？,根据已有证据，多位用户反馈在使用该设备玩游戏时存在卡顿现象。具体表现为游戏运行不顺畅，有明显的卡顿情况发生，甚至有用户提到在玩手游时10分钟内会出现2到3次卡顿，每次大约持续3秒左右。因此，可以得出结论：用这款设备玩游戏确实会遇到卡顿的问题。,"['手机外观可以，玩游戏时候会稍微有些卡顿。', '卡，，玩游戏不顺畅，', '玩游戏要一点点卡，其他还好', '用起来有点卡，而且玩游戏不是很好', '在吗，平板电脑我已收到，用了几天，我发现为什么我玩手游老是卡顿呢，有的时候10分钟卡顿2到三次，每次卡顿3秒左右，什么意思']",用户反馈呈现两极：部分称玩王者荣耀、坦克世界等游戏流畅不卡，特效全开无压力；另一部分则明确表示玩王者荣耀卡顿、闪退、方向键与技能同时按失灵、多点触控不灵敏、大型网游带不动，甚至‘看个电影都卡’。
电池续航实际能用多久？,根据已有信息，用户对电池续航的反馈不一。有的用户认为电池续航很好，可以使用六个小时以上（证据3），甚至刚开始使用时能用很久（证据4）。但也有一些用户表示电池不太给力，续航时间一般（证据2），或者待机时间只有一天多一点（证据5）。因此，电池的实际使用时间可能因人而异，并且可能会随着使用时间的增长而有所变化。具体到您的情况，可能需要考虑您个人的使用习惯和设备的具体状况。,"['非常好用，电池也久', '体验不错，就是电池不是很给力！续航时间一般，当然和使用方法有关系。总体满意', '够用，实用，好用，续航时间也行，有六个小时以上。', '电池刚开始很猛，用好久，现在也就一两天', '电池不耐用，待机时间就一天多点，无语']",续航评价差异显著：有用户称连续播放视频12小时、待机一天仅掉20%电、充满电可用7小时；但更多用户抱怨耗电飞快，‘充一天一夜只充1%’、‘看视频3-4小时就没电’、‘玩两小时自动关机’、‘放着不用都发热’，官方标称与实际体验落差大。
充电速度怎么样？,根据已有用户评论，大部分用户反馈这款产品的充电速度非常慢。例如，有用户提到使用几个小时后电量只充到了30%，还有用户表示从54%充到64%需要花费超过两个小时的时间。因此，可以总结出该产品的充电速度不尽如人意。,"['还行，运行速度不错，就是充电太慢', '总体来说还行吧，就是充电超级慢，用的还超快、几个小时就充了百分之三十，半个小时就用玩了，比电量-谁与争锋？', '速度挺快的，电池不知道够用不，不错', '大小符合想象，充电超级慢，下午5点到货，新机54%的电，用两小时到7点省19%，冲两个小时到9点10分是64%的电，也太慢点了吧，不知道是不是只有我的机子是这种情况，我也是醉了', '充电器这么快就坏了，才充几次电，质量真是太差了']",多数用户对充电速度不满，反馈‘一个小时只充1%’、‘充5-6小时才满’、‘充三个半钟才充满’、‘充电器发热严重’；少数提及‘充电快’或未提充电问题，但负面反馈占绝对主导。
机身发热严重吗？,"根据已有证据，多位用户反馈该机器存在发热问题。具体来说：

- 有用户表示“玩一下就发热严重，经常不操作别的也发热”（证据1）。
- 另一位用户提到“发热有一点严重”（证据2）。
- 还有一位用户虽然认为“机器很好”，但也指出“有点发热”（证据3）。
- 最后一位用户则说“手机发热好快”（证据5）。

综上所述，可以得出结论：该设备确实存在较为明显的发热问题。","['玩一下就发热严重，经常不操作别的也发热，后悔购买了。', '现在价位入手还可以，就是发热有一点严重', '机器很好，就是有点发热，性能不错', '机器性能如何？散热好么？配件质量如何？快把你的使用感受告诉大家吧！', '手机发热好快，卡机有时候卡的死机']",发热问题被高频提及：有用户称‘不到半小时发烫到手不敢碰’、‘用一会就烫’、‘充电时没法玩’、‘像暖壶’；亦有用户表示‘玩了好久也不发烫’或未察觉明显发热，但负面反馈更集中且具象。
屏幕分辨率和清晰度真实吗？,根据已有用户评论，屏幕分辨率和清晰度的表现并不理想。多位用户反馈称屏幕分辨率较低（证据1、3、4、5），并且实际显示效果差（证据2）。还有用户特别指出，该屏幕远未达到高清标准，质量仅比一些低端手机稍好一点（证据5）。综上所述，这款产品的屏幕分辨率和清晰度似乎并未达到用户的期望值。,"['屏幕分辨率不是很高', '分辨率真的不是一般的 现实效果差', '屏幕分辨率有点低，', '屏幕不清楚，分辨率太低', '是高清的吗骗人的，分辨率极低就比垃圾手机屏幕大了点。']",分辨率是争议焦点：大量用户直斥‘分辨率太低’、‘颗粒感强’、‘看视频模糊’、‘不如几百块手机’、‘连iPad mini都不如’；也有用户肯定‘2K屏幕很惊艳’、‘画质细腻’、‘色彩鲜艳’，但负面评价数量与激烈程度远超正面。
触摸屏灵敏度如何？,根据已有信息，用户对触摸屏灵敏度的反馈不一。部分用户认为触屏灵敏（证据2、3、5），但也有用户提到触摸屏不灵敏或认为其敏感度和精确度有改进的空间（证据1、4）。因此，关于触摸屏的灵敏度，存在不同的使用体验。,"['触摸屏不灵敏', '外观工整，触屏灵敏整体画面不错', '触屏灵敏，屏幕清晰，东西不错，活动购买很合适。', '另触摸屏敏感度，精确度也有进步空间。', '不错的平板，触屏很灵敏，屏幕清晰，很漂亮。']",触控问题突出：用户报告‘触摸失灵’、‘点击无反应’、‘触屏不灵敏’、‘划屏不好用’、‘点一下要等几秒才响应’、‘贴膜后完全没反应’；亦有用户称‘触屏反应无障碍’、‘灵敏’，但故障性描述频次更高。
外放音质和音量表现怎样？,根据已有信息，用户们普遍对产品的外放音质表示满意。例如，有用户提到“外放声音很好听”（证据1），“声音音质效果也不错”（证据2），还有用户说“音质棒棒哒”（证据3）以及“音质不错”（证据4）。但是关于音量的具体表现，提供的评论中没有直接提及。因此，可以确定的是该产品在音质方面得到了用户的认可，而对于音量的表现，则缺乏足够的信息来做出评价。,"['外观好看，外放声音很好听。', '刚到还行，声音音质效果也不错', '总体来说体验上等。音质棒棒哒', '音质不错，也有质感，整体还可以吧。', '还可以，反应很快，音质可以，以后再来评价。']",音效评价两极分化：大量好评称‘音质超棒’、‘立体声效果太好了’、‘外放听歌看电影很舒服’、‘AKG耳机颜值丑但音质好’；同时高频差评指‘扬声器没声音’、‘声音小得听不清’、‘音量键失灵’、‘外放音过大不线性’、‘有电流声/嘶嘶声’。
系统运行是否流畅？,根据已有证据，用户普遍反馈系统运行流畅，没有卡顿现象。因此，可以认为该系统的运行是流畅的。,"['用了一段时间，系统用的流畅，不卡顿，整体感觉不错？', '还行，比较流畅，正在熟悉系统。', '感觉非常好，没有发现什么问题。运行流畅，只是系统有一些不够智能！如果能完善一下系统就好了。', '非常好！运行速度很快，很流畅', '系统很流畅，屏幕显示高清，']",流畅度反馈分裂：有用户称‘系统非常流畅’、‘开机即用’、‘比三星S6 Edge还流畅’；但更多用户抱怨‘刚用就卡’、‘反应迟钝’、‘死机’、‘自动重启’、‘后台程序多就卡’、‘系统自带软件占1G内存’，甚至‘解锁都要等’。
品控和做工质量稳定吗？,根据已有信息，大部分用户对产品的质量表示了肯定。有用户提到“大品牌的产品质量稳定”，“质量可以”，以及“一线大品牌，质量好”。特别是有一位用户提到这是他买的第三个该产品，并且认为“品质好，运行稳定流畅”。这些反馈都表明该产品的品控和做工质量是稳定的。但也有一个用户表示“还行吧，质量怎样待看”，这说明可能有个别情况下的体验有所不同。总体来看，大多数用户的反馈支持产品质量稳定的观点。,"['大品牌的产品质量稳定，非常非常的漂亮，', '很好，质量可以', '还行吧，质量怎样待看', '买了第三个了，品质好，运行稳定流畅，推荐', '一线大品牌，质量好']",品控问题集中爆发：用户报告‘屏幕边缘裂纹’、‘机身弯曲’、‘后盖不平’、‘外壳起泡掉漆’、‘充电口有插拔旧痕’、‘屏幕有坏点/黑线/白光/脏东西在玻璃里’、‘新机有他人照片/视频’，质疑‘翻新机’、‘二手货’、‘返修机’。
物流配送时效和体验如何？,根据已有用户评论，物流配送的时效性得到了一致的好评，多位用户提到“物流配送快”、“配送超快”以及“物流速度快”，这表明在物流配送的速度方面，用户体验是相当不错的。同时，也有用户提到了整体服务好，进一步说明了物流体验不仅限于速度，服务质量也得到了认可。综上所述，可以认为该产品的物流配送时效快且体验良好。,"['产品很好，物流配送快', '还不错 ，配送超快的', '物流快，服务好，使用中，感觉还好', '很不错，物流很快', '物流速度快，质量还不错']",物流评价矛盾：一方面‘下午下单晚上到’、‘第二天就收到’被反复称赞；另一方面‘等11天才到’、‘物流信息停滞7天’、‘派送员拒验货’、‘送货不入户让老人跑4公里取货’、‘包裹胶带松动可见内物’等差评密集出现。
包装防护是否到位？,根据已有信息，大部分用户反馈包装防护不到位。有用户提到“包装太差，一点保护措施没有”（证据1）、“没有做好安全防损坏措施，收到的时候包装盒子有点变形”（证据2）以及“包装有点垃圾”（证据4和5）。虽然有一位用户表示“刚到手包装还不错”（证据3），但综合来看，多数用户的体验表明包装防护存在不足。,"['包装太差，一点保护措施没有', '东西还可以就是在发货打包的时候没有做好安全防损坏措施，收到的时候包装盒子有点变形很担心里面的东西，幸好没事', '刚到手包装还不错东西很好', '目前看着不错反应很快。就是这次包装有点垃圾', '包装太垃圾了']",包装差评压倒性：用户普遍吐槽‘就一个破纸盒’、‘里面连气泡膜/泡沫都没有’、‘咣当乱响’、‘塑料袋包着’、‘外包装撕开过’、‘灰尘/指印/污渍明显’，认为‘精密电子产品不该如此简陋’，仅极少数称‘包装很好’。
售后客服响应和服务态度怎样？,"根据已有信息，用户对客服的评价存在分歧。一方面，有用户认为客服解决问题的速度快（证据1），客服态度很好（证据2, 证据4）。另一方面，也有用户反馈客服态度差（证据3）以及整体服务包括售后太差（证据5）。因此，关于售后客服响应速度和服务态度的好坏，用户的体验并不一致。","['挺好的 客服解决问题也比较快', '质量可以，很不错，数度很快，特意用了才过来评价，不懂的问客服，客服态度很不错?，很好', '客服态度太差。', '不错。服务态度都很好', '售后太差，服务太差']",客服体验极差：用户频繁投诉‘客服不回消息’、‘电话无人接听’、‘踢皮球推诿’、‘敷衍了事’、‘说假话’、‘机械回复’、‘态度恶劣’、‘承诺不兑现’，甚至出现‘主动关闭聊天’、‘客服消失’等极端情况。
退货换货流程顺利吗？,根据已有信息，无法得出关于退货换货流程是否顺利的具体结论。但是，从用户评论中可以看出一些用户对退换货过程表达了不满或遇到了困难。例如，有用户提到“京东退换货太费劲”，还有用户在尝试换货时遇到了限制条件（只能更换同型号）。这些反馈表明至少部分用户的退换货体验并不理想。,"['想退货换好点的呢，结果有事耽误了，郁闷。。。。。。。', '分辨率极差，承诺七天退货，十五天换货，要求换货时才说明白要同换等型号的！', '一般般想退货', '京东退换货太费劲！买电子产品还得去商场！商场一个月内无理由退换货！而且东西拿去马上就退换', '玩的一点不顺畅，想退货！！！']",退换货障碍重重：用户遭遇‘超7天不受理’、‘检测说人为损坏拒保’、‘要求自付运费’、‘寄回后无下文’、‘赠品漏发补发拖一周’、‘申请退货客服不审核’、‘系统自动确认收货’，多人称‘想退但懒得折腾’、‘只能认倒霉’。
有没有附赠耳机、保护膜、保护套等配件？,根据已有信息，可以得出结论：该产品没有附赠耳机。关于保护膜和保护套，大部分用户反馈是没有的，但有一位用户提到盒子内有盒盖内置保护膜。因此，除了一个特例之外，通常情况下不附赠保护膜和保护套。,"['耳机保护膜保护套什么都没有被打击了', '自己选择的就不要什么，赠品无所谓，用着还可以，无所谓了为了百八十的不至于，没赠品没钢化膜，啥都没有，耳机也没有', '通话平板竟然不带耳机，不送保护膜？', '没赠保护套和膜，真是的！', '外观很精致，盒子里有盒盖内置保护膜，没有耳机的？机子具体怎样要使用一段时间后再追评吧']",赠品缺失是最大槽点之一：大量用户质问‘为什么没有耳机’、‘没送钢化膜’、‘保护套不送’、‘赠品写有却什么都没’、‘页面显示赠完即止’，并指出‘128G版才有耳机’、‘64G版不配’，普遍认为‘商家抠门’、‘店大欺客’。
通话功能是否正常稳定？,根据已有信息，无法得出通话功能正常稳定的结论。有多条评论提到通话存在问题，如“通话经常掉线 信号不稳定”、“手机通话声音特别小，把通话音量开到最大都听不清”以及“通话质量不好，网络信号更是超级不好”，这些反馈表明该手机的通话功能并不稳定。,"['通话经常掉线 信号不稳定', '手机通话声音特别小，把通话音量开到最大都听不清，为什么这种手机都可以合格？', '一般般吧，就是不可以打电话不好不怎么好不好不好不好不好不好不好不好不好不好不好不好不好不好不好不好不好', '有通话与无通话区别，指电话功能哦。其它性能一样一样滴。', '通话质量不好，网络信号更是超级不好，很失望']",通话问题频发：用户反馈‘通话有回音’、‘对方听不清’、‘来电接不到也挂不掉’、‘通话声音小’、‘打10086按键没反应’、‘信号差’、‘4G网用不了’、‘WiFi版不能插卡’，甚至有‘买来通话的却不给卡托’的离谱案例。
WiFi和网络连接稳定性如何？,根据已有用户评论，关于WiFi和网络连接的稳定性存在不同的反馈。部分用户表示遇到WiFi网络不稳定的问题（证据1、证据3、证据5），甚至提到会出现断网或应用闪退的情况；而另一些用户则认为设备可以正常连接WiFi，并且信号表现良好（证据2）。因此，从这些评论来看，该产品在WiFi连接方面的体验似乎并不一致，有的用户遇到了明显的连接问题，但也有用户没有报告类似困扰。综上所述，对于WiFi和网络连接稳定性的评价是混合的，既有正面也有负面的反馈。,"['Wifi网络不稳定，垃圾', '可以连wifi，信号不错啊', '无线wifi接收性能弱，同一信号强度，华为手机可联上，这个不稳定', '初步使用，感觉良好，就是觉得WIFI', '不好，有的时候wifi会断网，有时会闪退？']",联网问题突出：用户报告‘WiFi连着总跳’、‘连不上网’、‘断流特别严重’、‘路由器边上都看不了视频’、‘WIFI不工作’、‘无线卡得要死’，并对比称‘家其他设备都正常，就它不行’，归因于‘WiFi性能很不好’。
屏幕是否存在拖影、闪屏、花屏等显示异常？,根据已有信息，可以得出结论：屏幕存在拖影的问题。有多位用户反馈了屏幕拖影的情况（证据1、证据2），并且还有用户提到屏幕显示模糊有重影（证据5）。但没有直接提到闪屏和花屏的问题。至于屏幕上的小点问题（证据4），这似乎是个别现象，并不涉及显示异常如拖影、闪屏或花屏等。综上所述，主要存在的问题是屏幕拖影及显示模糊有重影。,"['实话实说，屏幕拖影非常严重！非常非常严重！！好在只是用来看视频，视频还能接受，屏幕色泽跟电脑差距好大', '刚买的新机子，上百度搜个图片就出现了屏幕拖尾的情况，很不满意！', '屏有点问题。', '屏幕有个小点不是很明显擦不掉不知道为什么 不影响显示 也就没在意', '屏幕显示模糊有重影']",显示故障高发：用户证实‘屏幕拖影’、‘闪屏’、‘花屏’、‘红屏’、‘黑屏’、‘屏幕发暗’、‘白边’、‘竖纹’、‘阴影’、‘亮斑’，有用户称‘弹幕拖影伤眼睛’、‘不到一个月就闪屏无法使用’，维修结论含‘主板发霉’、‘排线问题’。
摄像头拍照效果真实吗？,根据已有信息，用户评论普遍反映该摄像头拍照效果不佳，存在照片质量差、不真实以及模糊等问题。因此，可以得出结论：摄像头拍照效果并不理想。,"['摄像头太差，拍出来的照片效果差到爆', '照相效果不好，照出的像不真', '分辨率不是很高 摄像头很模糊 真的很不值得！', '性能还不错，照片像素不是很高。', '华为真是大骗子，明明摄像头拍照质量极差，还要硬说成是单反级效果，跟普通的数码相机拍摄的效果差了十万八千里，就这样还吹，吹，吹，不是无耻的骗子是什么！！！']",拍照普遍失望：用户批评‘前置摄像头像素烂’、‘拍照模糊不清晰’、‘像50万像素’、‘照相效果差’、‘没有自动对焦’、‘发白发污’、‘录像音质变音’，并直言‘宣传单反级效果是吹牛’、‘水分真多’。
是否存在虚假宣传或货不对板？,"根据提供的用户评论证据，确实存在关于虚假宣传和货不对板的反馈。具体来说：

- 证据2直接提到了“宣传有虚假信息”。
- 证据3指出“网页虚假宣传”，并且提到实际收到的商品缺少网页上所描述的一些配件（如支架、皮套）。
- 证据5表示产品的分辨率和运行速度与预期不符，认为是“虚的”。

因此，可以得出结论：部分用户认为该商品存在虚假宣传或货不对板的情况。","['差评，货不对板', '一般般而且宣传有虚假信息，不建议购买。', '网页虚假宣传，网页上写的支架，皮套啥也没有。都是骗人的，客服啥问题也解决不了。', '货不对版还是要到实体店比较好。', '分辨率虚假，运行慢？。。。感觉不咋地，都是虚的。']",虚假宣传指控密集：用户指出‘标称16G内存实测仅10-12G’、‘标4G运存实为2G’、‘标全网通实为移动版’、‘标送赠品实则不送’、‘标2K屏但显示颗粒感强’、‘标续航12小时实则4小时’、‘标新品但有他人使用痕迹’。
屏幕是否有明显黑边或边框问题？,根据已有证据，可以得出结论：屏幕确实存在明显的黑边或边框问题。多位用户提到黑边较大（证据1、证据3、证据4），并且有用户指出商品图片与实物不符，实际产品拥有更多的黑边（证据3）。此外，还有用户反馈边框存在瑕疵（证据5）。综上所述，该产品的屏幕在黑边和边框方面存在问题。,"['速度很快，屏幕清楚！就是黑边有点大', '屏有点问题。', '商品图片图P出来的，屏幕黑框实际比图片多出一个黑圈。上下黑边实际接近图片金边，左右黑边约7-8mm', '黑边太恶心，买个8寸屏，去掉黑边，实用6寸。', '边框有瑕疵～～～～不知道是不是翻新的']",黑边被广泛诟病：用户多次抱怨‘屏幕边框超大’、‘黑边感人’、‘黑边太大’、‘边框宽影响美观’、‘屏幕比例不舒服’，虽有用户称‘黑边可接受’，但负面评价更具共识性。
系统预装软件和广告是否过多？,根据已有用户评论证据，多位用户提到了系统预装软件较多的问题（证据1、证据3、证据4和证据5）。此外，有用户特别指出广告太多且无法关闭的情况（证据2）。因此，可以得出结论：该产品确实存在预装软件过多以及广告问题。,"['还好吧，包装结实，就是软件太多了', '二，应用，安卓的软件开放性很大，下载很方便，正因如此，有的软件不是正规的，可能有毒，还存在流氓软件，还有一点应该是广告太多，没法关闭，有点恶心。', '除了大，不怎样！价格偏贵，自带后台软件骗流量，不纯洁，有阴谋小心！', '这台平板，预装软件太多，还无法刷机，容易中毒。我都郁闷死了！', '总体还是不错的!就是预装软件有点多!速度也可以性价比还是比较好']",预装与广告饱受诟病：用户称‘系统自带软件占1G内存’、‘预装软件太多删不掉’、‘广告太多没法关’、‘应用市场没软件要另下’、‘系统更新慢’、‘UI设计差’、‘虚拟导航键占用屏幕’，甚至指‘华为软件及系统服务可打零分’。
是否存在价格欺诈或保价不兑现？,"根据已有信息，多位用户提到了购买后商品迅速降价，并且在申请价格保护时被拒绝的情况（证据1、2、3、4）。这表明可能存在保价政策不兑现的问题。但是，关于是否存在价格欺诈，仅凭这些评论无法直接得出结论，因为价格调整是商家的常规操作之一，除非有明确证据显示商家故意先提高价格再降低以吸引消费者或误导消费者相信他们获得了特别优惠。

对于提到的“骗子”、“货没有收到，款也不打”以及“已报案”的情况（证据5），这似乎指向了更严重的交易问题，但这条评论与其它几条关于价格和保价服务的评论内容不同，可能涉及个别案例中的物流或支付纠纷，不足以单独作为判断整体上是否存在价格欺诈行为的依据。

综上所述，可以确认的是存在用户反映保价服务未得到妥善处理的现象；而对于是否构成价格欺诈，则需要更多具体信息才能做出准确判断。","['刚买就降价 还不让申请价格保护！', '现在还没用，不知道怎么样，买完几小时就降价，还不给保价？伤心', '东西不错 但刚到手就降价了 太伤心了 没有30天内保价吗？', '东西还行，到货当天降价了，申请价格保护，却被拒绝了', '骗子，，货没有收到，款也不打，商家存在严重欺诈行为，已报案']",价格问题引爆众怒：用户密集投诉‘刚买就降价’、‘一天降两次’、‘保价失败’、‘客服以限购/秒杀为由拒赔’、‘活动页面写送赠品结算消失’，多人称‘被坑’、‘信任崩塌’、‘以后不在京东买’。
屏幕是否容易碎裂或抗摔性差？,根据已有证据，可以得出结论：该手机的屏幕确实容易碎裂且抗摔性较差。多位用户反馈在轻微磕碰或压到的情况下，屏幕就出现了裂痕或破碎的情况（证据1、3、4）。此外，还有用户提到屏幕碎裂后维修成本较高（证据3、4）。因此，可以说这款手机的屏幕并不坚固，使用时需要特别小心。,"['手机屏幕质量很差劲，刚买几天手机就裂屏，送个套壳硬壳的间接导致屏角裂开，用个手机还得小心翼翼捧着，磕不得、更摔不掉，轻磕轻裂 ，重磕重裂，一摔准坏，另外建议送的硬套壳最好别用，功能还是可以，喜欢屏牢固点的可以看看其它款，良心评价。', '买了没几天内屏就碎了，还不保修，特后悔。', '屏幕太脆弱，才买两天，放在床上，不小心压了下，内屏就碎了，之前的三星平板摔屏幕都没事，又花400去华为客服去换个内屏。', '是用过所有手机中，屏幕最容易碎的一款！！觉得自己完全不会掉的可以买，否则还是算了！！小手轻轻抖一抖，换屏599！！！！', '不好，反应慢，屏幕不清晰']",碎屏问题显著：用户反馈‘摔一次就碎屏’、‘没摔过三周就开裂’、‘屏没用几天就坏了’、‘建议买意外碎屏险’、‘比苹果iPad易碎’，并指出‘屏大容易碎’、‘塑料感强’、‘机身薄但不耐摔’。
是否存在信号弱、无服务、基站识别异常？,根据已有证据，可以得出结论：存在信号弱和无服务的问题。多位用户反馈了设备在使用过程中经常没有信号，包括WLAN信号时有时无（证据1），电话网络都没有信号（证据3），以及网络信号差、经常无法上网的情况（证据4和证据5）。这些都指向了信号弱和无服务的问题。至于基站识别异常，提供的评论中并没有直接提到这一点，但从描述的“经常没有信号”、“什么信号都没”等现象来看，可能与基站识别有关，但基于现有信息我们不能确定这一点。因此，对于基站识别异常这一具体问题，根据已有信息，无法得出结论。,"['不好，wlan信号时有时无！', '用了两天，经常没有信号，别人打电话也打不进', '买了台问题机，经常什么信号都没，电话网络什么都没信号，砖头', '通话质量不好，网络信号更是超级不好，很失望', '网络信号太差劲了，经常没有网络上网，卡得要死，还不如我的三星呢']",信号问题被反复提及：用户称‘靠着信号塔信号难超两格’、‘偏僻处常没信号’、‘出县城就没信号’、‘检测不到SIM卡’、‘信号满格但微信刷不出’、‘通话质量极差’，并对比‘其他手机平板都正常’。
是否支持双卡双待或TF卡扩展？,根据已有信息，该手机确实支持双卡双待和TF卡扩展，但是它们之间存在一定的限制。具体来说，这款手机有一个卡槽是SIM卡和TF卡二合一设计的，这意味着用户需要在第二张SIM卡和TF卡之间做出选择，不能同时使用。因此，如果用户希望使用双卡双待功能，则无法同时进行TF卡扩展；反之亦然。,"['不实在，少一个卡槽，双卡双待就不能扩展存储', 'sd卡和sim卡2只能装一个？那叫什么双卡双待？和我理解的不一样', '手机不错。速度快，屏幕大，流畅。唯一的遗憾是不能双卡双待加SD卡。有个卡槽做成sim卡和SD卡二合一的，只能插一种。让我情何以堪。介绍明明是双卡双待加支持128G SD 卡。实际变成单卡加SD。这种脑残的设计我是该赞呢还是该＊呢。', '说是双卡双待，支持内存卡扩展128g，到手才发现双卡双待的话就没法用内存卡了，其次作为手机的话太大了！', '1.说是双卡双待双4G，其实只有一个卡槽支持4G，另外一个卡槽是2G的！！！2.有一个卡槽是SIM卡和TF卡合二为一的，如果你插了SIM卡，就不能插TF卡则不能扩展容量， 如果你插了TF卡，就不能插第二个SIM卡，则手机只能装一个卡。其他手机都是可插两个手机卡加一个TF卡，而华为手机的第二个手机卡和TF卡只能二选一！！！！！！！！！！！！！！！！！！！！！！！！！！！！！！！！！！！']",卡槽设计遭吐槽：用户指出‘双卡只能用2G网络’、‘卡槽晃动无反应’、‘SD卡和手机卡二选一’、‘不支持电信卡’、‘插卡后盖子盖不严’，并称‘三选二卡槽形同虚设’、‘设计奇葩’。
是否存在喇叭、听筒、麦克风硬件故障？,"根据已有信息，用户评论中提到了喇叭的问题，但没有明确提到听筒和麦克风的具体故障。具体来说：

- 有几位用户反馈了喇叭存在问题，比如“喇叭有问题”、“喇叭接触不良，没声音”、“一喇叭不响”以及“外响喇叭是木有的”，这表明确实存在喇叭方面的硬件故障。
- 对于听筒，仅有一条评论提到“同听筒同一个！破音严重！”暗示可能存在听筒问题，但这并不足够明确地证明听筒存在普遍性或特定类型的故障。
- 麦克风的问题在提供的评论证据中并没有被提及。

综上所述，可以确认存在关于喇叭的硬件故障报告，而对于听筒和麦克风是否存在问题，则依据现有证据无法得出确切结论。","['喇叭有问题，懒得换了', '刚买没玩多少次就发现硬件有问题，喇叭接触不良，没声音。强烈要求退货啊》', '放音乐有一喇叭不响。。虽然这么买了已经很多天。要求换一台', '平板收到有几个问题！一手机的外响喇叭是木有的！同听筒同一个！破音严重！二手机分辨率低！三平板的触感差劲！', '什么东西，声音低的听不见，有质量问题～～～～']",音频硬件故障频发：用户报告‘喇叭接触不良没声音’、‘一个扬声器没声音’、‘听筒声音特小’、‘麦克风收音差’、‘打电话声音太小听不清’、‘喇叭变形’，维修结论含‘喇叭需更换’、‘排线问题’。
指纹识别或Home键等交互部件是否可靠？,根据已有信息，用户对这款手机的指纹识别功能反馈不一。部分用户认为指纹识别存在，但并不灵敏，需要多次尝试才能成功（证据2）。也有用户提到指纹识别不管用（证据4），这表明指纹识别功能可能不够稳定或可靠。至于Home键，有用户表示其不可按压的设计让人觉得不方便（证据1）。综合来看，这些交互部件的可靠性似乎存在问题。,"['系统流畅，可以TF拓展，有指纹识别，但是home键不可按设计依然让我觉得很反人类', '用了一段时间，感觉还可以，不过指纹识别不太灵敏啊，每次都得按几次', '有指纹识别，外形美观，但是会有卡顿，死机的现象，跟苹果肯定比不了，不过价位在那了，够用', '指纹识别不管用，耳机听不清，触屏敏感，这一星我给快递吧。', '这个手机除了指纹识别以外，一点都不好，而且和老年机一样，']",交互硬件问题：用户反馈‘指纹解锁不灵敏’、‘验证失败多次’、‘Home键不可按压’、‘Home键不能按’、‘电源键失灵’、‘音量键失灵’、‘返回键占用屏幕’，并质疑‘设计反人类’。
是否存在自动关机、死机、蓝屏等系统崩溃？,根据已有信息，可以得出结论：存在自动关机和死机的问题。有多位用户反馈设备在待机状态或正常使用时会自动关机（证据1、2、3），并且有用户提到系统卡死的情况（证据5）。但是，关于蓝屏问题，在提供的证据中并没有直接提及。因此，基于给定的证据，我们只能确认存在自动关机和死机的现象。,"['老自动关机。气死我了。。。', '差劲，待机状态老是自动关机。', '用了一段时间老是自动关机！', '刚使用系统就死机，随便点个东西进去上下两条黑边，重启才能解决，4次了', '昨天22:50本机卡死，手动关机也关不了，点屏幕什么反应都没有，现在都不知道怎么处理。']",系统稳定性堪忧：用户称‘自己关机自己开机’、‘用着用着就死机’、‘蓝屏一次’、‘频繁重启’、‘系统优化后仍卡’、‘浏览器黑屏频闪’、‘开不了机’、‘充不了电’，维修结论含‘主板问题’、‘积液’。
是否支持快充或Type-C接口？,根据已有信息，无法得出该设备是否支持快充的明确结论。但是，从用户评论中可以看出，这款设备并不使用Type-C接口进行充电。有多条评论（证据2、3和5）提到了“充电口不是type-c”。因此，可以确定的是，这款设备不采用Type-C接口。,"['只能使用配置的Type-C线进行充电而无法读写数据比如通讯录，部分功能隐藏且难以使用。', '用了好几天，感觉挺好的，质量不错。可惜的就是充电口不是type-c', '东西不错，系统流畅，看电影清晰，音响效果好，唯一的不足就是充电口不是type-c', '正在用，不错吧！没发现什么问题！就是不是快充的', '唯一美中不足就是不是Type-C接口，2K屏，金属机身，支持扩展卡，运行流畅，指纹识别，GPS...该有的都有了，看电影玩游戏都没问题，包装也很精美，新出厂，值得入手']",快充缺失成共识：用户明确指出‘不支持快充’、‘充电插口不是type-c’、‘充电头细扁易插坏’、‘充电线插进去很难’，并称‘充电口设计奇葩’、‘充电器很快坏了’。
屏幕贴膜是否适配或易损？,根据已有信息，可以得出以下结论：屏幕贴膜存在一定的适配问题。有用户提到自己买的膜在贴的时候比较难贴，特别是对于大屏幕来说（证据3）。同时，也有用户反映没有附赠贴膜，需要自行购买（证据4）。但是，关于屏幕是否易损这一点，从提供的评论中并没有直接提及屏幕容易损坏的信息。因此，可以说屏幕贴膜可能存在适配上的困难，但是否有易损的问题则无法从现有信息中得出结论。,"['买来贴膜的时候看见屏幕上有条划痕，但感觉不影响使用。退换又要好长时间，将就吧。', '不咋好，显示不清楚，想贴膜的', '屏幕很大，开机比较惊喜。，自己买的膜，刚刚贴上比较难贴，因为屏幕太大了。因为平时都是用的五寸的手机。', '贴膜跟保护套都不送一个，干巴巴的，屏幕分辨率较低！其他还好！', '不能给的太多，没贴膜就这样用了触屏不灵敏，系统死板，可操作性太差，']",贴膜问题突出：用户抱怨‘贴膜尺寸不配套’、‘膜比屏幕大/小’、‘贴完惨不忍睹’、‘一贴就掉’、‘贴膜有气泡’、‘膜有硬物卡凹凸点’、‘钢化膜贴大屏难’，并称‘送的膜质量差’、‘贴膜辅助工具只有抹布’。
是否存在屏幕漏光、色偏、色彩失真？,根据已有信息，可以确认存在屏幕漏光的问题（证据1）。但是关于色偏和色彩失真的问题，提供的证据中并没有相关信息。因此，对于是否存在色偏、色彩失真的情况，无法得出结论。,"['无语了，期待了一整天，第二天收到晚上打开一看屏幕左上方和右上方严重漏光，不说了直接上图', '屏显不清楚 很模糊', '屏幕不清楚，分辨率太低', '感觉屏不是很灵活，不知道是不是膜的问题', '就是屏幕不太灵']",色彩问题被指出：用户称‘色彩失真’、‘颜色发白发污’、‘屏幕发黄’、‘屏幕一层膜都没有’、‘屏幕像空心的’、‘屏幕有划痕擦不掉’，并对比‘跟电脑差距好大’、‘不如iPhone’。
是否支持红外遥控等特色功能？,根据已有信息，证据1中明确提到P9不支持红外线功能。因此，可以得出结论：该款手机不支持红外遥控功能。,"['安卓系统5.0，刚到手就开手机没找到智能摇控。以为是系统问题，升到7.0还是没有，百度结果是p9不支持红外线，我只想说有这么坑吗？加个红外线要几块钱？五年不用安卓机了，就是见华为好，技术好，才买一台玩玩，现在真想丢了去。设计的是不是脑，残？这么强大的功能都敢丢。还是等诺基亚9出来用回我的诺基亚算了', '功能很强大，操作性能还可以', '外观可以，不怎么好用，清晰', '我们应该支持国产.', '手感可以，自带太多系统']",红外功能缺失：用户抱怨‘没有智能遥控’、‘加个红外线要几块钱’、‘P9不支持红外线’，并质疑‘这么强大的功能都敢丢’、‘设计脑残’。
是否存在发货延迟、漏发、错发问题？,"根据已有信息，可以得出结论存在发货延迟和漏发问题。具体来说：

1. 发货延迟：证据2、3和5都提到了发货速度慢的问题，例如“发货太慢，等了四天才发货”、“2-6天发货，非要第六天才发货，第七天才到货”以及“发货超级慢，到货太晚”。

2. 漏发：证据1和4反映了赠品或部分商品未按时发放的情况，如“赠品漏发了”、“欠发的东西都两个月了，居然还没有发”。

综上所述，确实存在用户反馈的发货延迟及漏发问题。但没有直接提到错发的具体情况。","['赠品漏发了，补发很不顺利，整整耽误了一周还没到！很不爽。', '产品尚可，京东服务太差，相互推诿。发货太慢，等了四天才发货，而且期间问什么也不知道。', '2-6天发货，非要第六天才发货，第七天才到货，明明有货拖着不发，自营这速度必须差评。', '售后服务太差，欠发的东西都两个月了，居然还没有发，我不问，连一个消息都不给!!!!', '发货超级慢，到货太晚！']",发货管理混乱：用户投诉‘付款后四天才发货’、‘漏发充电器/耳机/OTG线’、‘发错版本（优享版发成高配版）’、‘发错地址’、‘订单轨迹被修改’，并称‘客服说没货后又有了’、‘说好补发却没动静’。
是否提供发票及开发票流程是否顺畅？,"根据已有信息，用户反馈显示该电商在提供发票及开发票流程上存在明显问题。多位用户提到没有收到发票（证据1, 2, 3, 4），并且对于如何获取发票的信息不一致，导致用户体验不佳（证据5）。因此，可以得出结论：虽然可能提供了开具发票的服务，但实际上获得发票的过程并不顺畅，且客服提供的信息存在矛盾。","['怎么没开发票那，希望再查的时候能开好电子发票。', '发票呢，差差差差差差差', '说好开发票，一直没有来过来，投诉也没有用？', '发票都没有，真不怎么样', '请问，你们系统到底是人为的还是自动的，到底有没有准信？！三个客服给了三种说发，我听哪一个？我就想开个能用的发票，怎么就这么难！']",发票问题频发：用户称‘说好开发票没给’、‘发票延迟’、‘普票冒充增值税发票’、‘客服让发截图却没结果’、‘增票拖好久才给’、‘开发票还要找主管’，并质疑‘没发票怎么保修’。
是否存在屏幕误触、自动点击、触控漂移？,根据已有信息，无法得出结论。用户评论中提到了触屏失灵、反应慢、点击无反应、自动回撤以及触控性不佳等问题，但没有直接提到屏幕误触、自动点击或触控漂移的具体情况。,"['触屏有问题，按着屏幕图标拖一会儿，就会失灵，玩王者荣耀，方向控制轮 盘，控制一会也会失灵', '反应速度超慢，而且触屏有时候点击没反应', '触屏很不好用，总是自动回撤，有时还没反应。特讨厌。', '屏幕一般，触控性不佳', '触摸屏不灵敏']",误触问题存在：用户反馈‘屏幕自己动’、‘下拉时自己点击’、‘触屏乱跳’、‘没按屏幕就乱跳’、‘手指不碰也触发’，并称‘可能是排线接触不实’、‘触摸屏敏感度有进步空间’。
是否存在电池老化快、续航衰减问题？,根据已有信息，可以得出结论：存在电池老化快、续航衰减的问题。有用户提到刚开始电池使用时间较长，但后来只能使用一两天（证据2）。还有用户反映电池用不了一天，并且家人也反馈电池待机时间短，怀疑是否买到了旧机（证据3和证据4）。这些评论都指向了电池性能随时间下降的情况。,"['性能不好，电量续航太差', '电池刚开始很猛，用好久，现在也就一两天', '电池用不了一天，屏幕亮暗变化不断。质量不好。', '家人反映电池超级不行，待机两天就关机了，充电又慢，家人问我是不是买到旧机了，', '电池不行 太卡']",电池衰减被证实：用户称‘用了几个月电池就不行了’、‘待机一天掉20%电’、‘放抽屉一天就没电’、‘新机充不满’、‘电池有严重问题’，维修结论含‘电池需更换’、‘电池老化’。
是否存在屏幕亮度不足或夜间显示问题？,根据已有信息，可以得出结论存在屏幕亮度不足的问题。有用户提到“屏幕亮度不够亮”（证据1）以及“屏幕亮度有时老闪 一会亮一会暗”（证据3），这表明至少部分用户遇到了屏幕亮度相关的问题。但没有直接证据显示夜间显示存在问题。,"['屏幕亮度不够亮，其他还好啊', '屏有点问题。', '屏幕亮度有时老闪 一会亮一会暗 怎么回事啊', '屏幕不是太好？', '屏幕不清楚，分辨率太低']",亮度问题被指出：用户称‘亮度不够用’、‘看电视剧亮度都不够’、‘屏幕发暗’、‘屏幕反光可以当镜子’、‘阳光下反光厉害’、‘护眼模式下仍有拖影’，并称‘调亮度无效’。
是否存在系统升级后兼容性或功能异常？,根据已有信息，无法得出结论。但有用户建议不要升级系统，因为一旦系统升级得越来越高，配置不匹配可能会拖慢速度。这间接表明可能存在兼容性或性能方面的问题，不过没有直接证据显示升级后出现功能异常的情况。,"['系统的细节方面确实还有进一步提高的空间。', '用了一段时间，系统用的流畅，不卡顿，整体感觉不错？', '挺好用的，高清，超薄，运行速度快，我的建议是不要升级系统，一旦系统升级的越来越高，配置不匹配，容易拖慢速度', '感觉非常好，没有发现什么问题。运行流畅，只是系统有一些不够智能！如果能完善一下系统就好了。', '分辨率太低，太模糊！系统太低，没升级！']",升级引发问题：用户报告‘升级后WiFi连不上’、‘升级后系统更卡’、‘升级后喇叭有问题’、‘升级后出现新bug’，并称‘更新两次后才优化’、‘EMUI5.0比4.0省电差’。
是否存在应用安装、运行或兼容性问题？,根据已有信息，可以得出存在应用安装、运行或兼容性问题的结论。有用户反馈安装的应用总是闪退（证据1），并且提到系统有问题，在设置默认储存为内存卡时容易出现读不出内存卡的现象（证据5）。此外，还有用户表示设备运行不够快（证据2），虽然这不一定直接与应用兼容性相关，但可能间接影响应用的流畅运行。综上所述，确实存在一些关于应用和系统性能的问题报告。,"['为什么安装的应用总是闪退？？？怎么处理，到底手机有什么问题？', '不是很好用运行不够快', '设备使用没有出现问题，目前还在使用中，希望以后不会有问题', '系统极为垃圾，各种不方便，甚至不能按应用决定联网权限，负分', '不怎么样，系统有问题。在系统里面设置默认储存为内存卡的话，很容易出现内存卡读不出来的现象，重启能解决，也不知道是不是系统问题还是设备问题。']",应用生态短板：用户称‘装软件也装不上’、‘应用市场没软件’、‘下载软件不行’、‘微信视频有回声’、‘QQ视频吱吱响’、‘APP适配不完美’、‘很多APP不支持横屏’。
是否存在屏幕尺寸与预期不符？,根据已有信息，无法得出结论。用户评论中没有提到关于屏幕尺寸的信息，只讨论了屏幕的分辨率和清晰度问题。,"['屏幕不是太好？', '屏幕不清楚，分辨率太低', '屏幕分辨率不是很高', '屏幕分辨率太差，太卡', '像素很差，屏幕分辨率也不行。']",尺寸认知偏差：用户反馈‘以为8.4寸很小其实挺大’、‘屏幕比想象中要小’、‘有点重’、‘单手握持割手’、‘拿着费劲’、‘携带不方便’，亦有用户称‘大小正合适’、‘轻薄’。
是否存在屏幕指纹残留、清洁困难问题？,根据已有信息，可以得出结论存在屏幕指纹残留的问题。证据4中提到“拆开后屏幕表面有指纹还有充电器塑料膜上也有指纹”，这表明产品在送达时屏幕上就已经有了指纹残留。但关于清洁是否困难，提供的证据并没有直接说明尝试清理这些指纹的情况或结果，因此对于清洁是否困难这一点无法得出明确结论。,"['屏幕不好，里面有一条条竖纹', '屏有点问题。', '用了两天后才看到指纹按键附近有点瑕疵，不知道是什么，擦不掉，不过要对着光才看到。', '拆开后屏幕表面有指纹还有充电器塑料膜上也有指纹，机子体验差拖影严重刷微博看文字图片简直不能忍其他方面还未发现问题，总之失败的一次购物', '很差，指纹不能用']",清洁体验差：用户抱怨‘屏幕上有指纹擦不干净’、‘屏幕有胡乱擦过的痕迹’、‘屏幕有脏东西在玻璃里边’、‘屏幕有胶擦不掉’、‘屏幕有油污’，并质疑‘是不是用过再卖’。
是否存在屏幕比例不适配视频或阅读？,根据已有信息，无法得出结论。用户评论中提到了屏幕的清晰度、分辨率和亮度问题，但没有提到屏幕比例不适配视频或阅读的情况。,"['看视频画面不正常，看不到字幕。', '屏幕不是太好？', '屏幕不清楚，分辨率太低', '屏幕分辨率超级低，看个电视亮度都不够用。', '不好，反应慢，屏幕不清晰']",比例不适配：用户称‘16:9屏不适合看文档’、‘屏幕比例不舒服’、‘看网页图片放大模糊’、‘APP适配奇怪’、‘京东APP图片大字体小’、‘横屏使用感没iPad顺手’。
是否存在屏幕与机身结合不紧密、缝隙问题？,根据已有信息，无法得出结论。用户评论中提到了屏幕存在一些问题，但没有具体提到屏幕与机身结合不紧密或有缝隙的情况。,"['屏有点问题。', '感觉屏不是很灵活，不知道是不是膜的问题', '屏幕不是太好？', '不是很好，屏幕有点问题，插卡也有问题？', '就是屏幕不太灵']",结构公差问题：用户指出‘左下角这么大个缝’、‘背面不平凹凸不平’、‘后盖有中空感’、‘机身严重弯曲’、‘屏幕边缘不平’，并称‘客服说换新还有缝隙’、‘品控人员应能看到’。
是否存在屏幕出厂保护膜缺失或异常？,根据已有信息，可以得出结论：存在屏幕出厂保护膜缺失的情况。多位用户反馈他们收到的手机没有屏幕保护膜，这与他们的预期不符，并引发了对产品是否为新品的担忧。,"['买了好多手机，第一次碰到基本的屏保护膜都没有，不知道是不是人家退的货，买的不放心，刚出厂的时候不了能没有保护膜。用了在说吧，京东的东西也不放心了。', '屏幕连个保护膜也没有。', '为什么没有赠品，并且开盒后屏幕上没有出厂保护的膜，大家的也这样么？而且到手就升级且极慢？这是什么情况？', '说好的屏幕保护膜在哪里？里面除了一个裸机啥都没有，算不算欺骗？', '屏幕一层膜都没有，同事说很可能是二手，失望?']",出厂膜问题：用户称‘没贴出厂保护膜’、‘屏幕膜已不见踪影’、‘保护膜被揭开又贴回’、‘收到时屏幕没膜’、‘钢化膜比屏幕小太多’、‘膜与图上不相同’，并质疑‘是不是二手货’。
是否存在屏幕视角、可视角度不佳问题？,根据已有信息，无法得出结论。用户评论中没有提到关于屏幕视角或可视角度的具体问题。,"['屏有点问题。', '屏幕不是太好？', '屏幕亮度不够亮，其他还好啊', '屏幕一般，触控性不佳', '不是很好，屏幕有点问题，插卡也有问题？']",视角问题被提及：用户称‘可视角度广’属正面评价，但亦有用户反馈‘斜着看屏幕发灰’、‘屏幕反光严重’、‘阳光下看不清’，间接反映视角局限。
是否存在屏幕色彩饱和度、色温调节问题？,根据已有信息，无法得出结论。提供的评论证据中没有提到关于屏幕色彩饱和度或色温调节的具体问题。,"['屏有点问题。', '屏幕亮度不够亮，其他还好啊', '屏幕不是太好？', '感觉屏不是很灵活，不知道是不是膜的问题', '为什么屏幕会忽明忽暗的?']",色彩调节被肯定：用户称‘色温可调’、‘色彩鲜艳’属正面反馈，但亦有用户抱怨‘颜色发白’、‘色彩失真’、‘屏幕发黄’，表明调校一致性不足。
是否存在屏幕触控精度、跟手度问题？,根据已有信息，可以得出结论：存在屏幕触控精度和跟手度的问题。多位用户反馈了类似的问题，比如“触控性不佳”（证据1）、“屏有点问题”（证据2）、“触摸屏敏感度，精确度也有进步空间”（证据3）以及“屏幕边缘触摸几乎没反应...也不支持多点触控”（证据4）。这些评论都指向了屏幕触控性能上的不足。,"['屏幕一般，触控性不佳', '屏有点问题。', '另触摸屏敏感度，精确度也有进步空间。', '屏幕边缘触摸几乎没反应，开始我以为是软件问题，后来看出是屏幕的问题，并且也不支持多点触控，产品的体验太差，非常失败的一次购物', '感觉屏不是很灵活，不知道是不是膜的问题']",精度问题：用户指出‘触摸不灵敏’、‘触控漂移’、‘触屏不准’、‘精确度有进步空间’、‘触控延迟’，并称‘跟iPhone比差’、‘触控体验不如手机’。
是否存在屏幕防眩光、防指纹涂层失效？,根据已有信息，无法得出结论。用户评论中没有直接提到屏幕防眩光或防指纹涂层的具体情况。虽然有用户提到了屏幕在阳光下反光厉害（证据3）以及屏幕滑动不灵活（证据5），但这些并不足以明确说明防眩光或防指纹涂层是否失效。,"['用了两天后才看到指纹按键附近有点瑕疵，不知道是什么，擦不掉，不过要对着光才看到。', '屏幕效果太差。', '用着感觉很好，指纹解锁速度贼快。弹幕拖影问题确实有一点，在护眼模式下。不过影响不大。屏幕是真清楚。但是在阳光下的表现不是很好，反光厉害。不过总体来说运行速度贼6用着不错。', '非常不满意，分辨率太低了，伤眼睛，导致头昏，玩游戏屏幕滑不动，而且还卡，这不是骗人么', '感觉屏不是很灵活，不知道是不是膜的问题']",涂层问题：用户称‘屏幕镜面感发光严重’、‘屏幕反光可以当镜子’、‘屏幕有指纹擦不干净’，表明防眩光与防指纹涂层效果有限或缺失。
是否存在屏幕与金属边框结合处异响或松动？,根据已有信息，无法得出结论。提供的证据中没有提到屏幕与金属边框结合处存在异响或松动的问题。,"['边框有瑕疵～～～～不知道是不是翻新的', '那个金属边竟然有缺陷，缺了一块，去你的，不过不明显而已', '屏幕有个小点不是很明显擦不掉不知道为什么 不影响显示 也就没在意', '屏幕很清晰，系统很流畅，但是边缘有点割手', '屏幕边缘触摸几乎没反应，开始我以为是软件问题，后来看出是屏幕的问题，并且也不支持多点触控，产品的体验太差，非常失败的一次购物']",结构异响：用户未直接提及‘异响’，但报告‘卡槽晃动’、‘机身弯曲’、‘后盖不平’、‘缝隙’、‘外壳起泡’，暗示结构件结合可靠性存疑。
是否存在屏幕在低温或高温环境下异常？,根据已有信息，无法得出结论。提供的证据中没有提到屏幕在低温或高温环境下的表现情况。,"['屏幕不是太好？', '才用一天屏幕就有阴影了，不知道怎么回事。。', '屏幕分辨率有点低，', '屏有点问题。', '屏幕不清楚，分辨率太低']",温控异常：用户称‘充电温度太高’、‘用一会就烫’、‘散热超级不好’、‘放着不用都发热’，但未提及低温环境表现。
是否存在屏幕在特定APP或场景下显示异常？,根据已有信息，无法得出结论。用户评论中提到的问题主要集中在屏幕的触控反应上，比如卡顿、不灵敏以及边缘触摸无反应等，并没有直接提到在特定APP或场景下屏幕显示异常的情况。,"['屏幕经常卡到点不开APP', '就是屏幕不太灵', '屏有点问题。', '屏幕边缘触摸几乎没反应，开始我以为是软件问题，后来看出是屏幕的问题，并且也不支持多点触控，产品的体验太差，非常失败的一次购物', '有点卡，屏幕有些位置要点好几下才能反应过来，']",场景异常：用户报告‘看视频画面不正常看不到字幕’、‘看优酷下载不了插件’、‘浏览器看视频卡在第8秒’、‘微信视频有回声’、‘QQ视频吱吱响’、‘小伴龙卡’，显示特定场景适配不足。
是否存在屏幕出厂校准不准、色准偏差？,根据已有信息，无法得出结论。提供的证据主要集中在屏幕分辨率的问题上，并没有提到关于屏幕出厂校准或色准偏差的信息。,"['屏幕不清楚，分辨率太低', '屏幕分辨率太差', '屏幕分辨率不高 很一般', '屏幕分辨率不是很高', '屏幕分辨率有点低，']",色准问题：用户称‘色彩失真’、‘颜色发白发污’、‘屏幕发黄’、‘屏幕像空心的’，维修未提校准，但用户主观感受指向出厂校准一致性不足。
是否存在屏幕在运输途中受损或压痕？,根据已有信息，可以得出结论：存在屏幕在运输途中受损的情况。证据1中提到快递直接将包裹从窗户扔进来，虽然没有明确指出屏幕因此受损，但这种行为增加了屏幕受损的风险。此外，证据3和证据5都提到了收到商品时屏幕已经有划痕的问题，这表明屏幕可能在运输过程中受到了损伤。不过，具体是由于运输过程中的不当处理还是其他原因导致的划痕，则无法仅凭这些信息做出确切判断。,"['屏幕很不清晰，连几百的手机屏幕都不如。而且送货时由于家里没人在家，快递直接将包裹从窗户里扔进来的，扔了五六米，也不怕摔坏了', '用了一个月，没有按压，没有摔，屏幕已经花屏了，两个光点', '拿过来居然屏幕有划痕，顿时就不开心了', '触点有些触点不灵，屏幕边缘有破损，送货员走后才开封，结果屏幕边缘有破损，而且打字时反应有点慢，我想换货，又不知道怎么操作！', '机器被别人动过！屏幕上有指印！有划痕！！！！！！！']",运输损伤：用户称‘屏幕有划痕’、‘屏幕有磕碰’、‘屏幕有压痕’、‘屏幕有黑线’、‘屏幕有白光’，并归因于‘包装无防护’、‘快递颠簸’、‘装卸工扔来扔去’。
玩王者荣耀会卡顿吗？,根据已有证据，大部分用户表示玩王者荣耀时没有卡顿现象（证据1、2、5）。但也有用户提到在玩游戏时会有稍微的卡顿（证据4）。总体来看，大多数反馈是正面的，说明该手机在运行王者荣耀时表现良好，不过可能存在个别情况下的轻微卡顿。对于穿越火线游戏，则有用户报告了卡顿问题（证据3），但这与您询问的王者荣耀无关。因此，针对您的问题“玩王者荣耀会卡顿吗？”，答案是在大多数情况下不会，但不排除偶尔出现轻微卡顿的可能性。,"['不错，玩王者荣耀一点不卡', '打王者荣耀不卡，可以，棒棒哒。', '为什么玩穿越火线qiang战王者会有卡顿现象？', '手机外观可以，玩游戏时候会稍微有些卡顿。', '非常愉快的一次购物，打王者一点都不卡????']",多位用户反馈玩王者荣耀时存在卡顿现象：有称‘玩王者有点卡顿’‘玩王者荣耀会卡声音’‘玩王者荣耀卡死了’‘打王者荣耀不能多点触碰’；亦有用户表示‘玩王者荣耀不卡’‘全程30帧不掉帧’‘玩农药不卡’，体验因机型版本（如4G/64G）、网络状况及系统优化程度而异。
电池续航实际能撑多久？,根据已有信息，用户的反馈显示电池续航时间存在较大差异。有的用户认为电池比较耐用，可以使用六个小时以上（证据1和证据3），而有的用户则觉得电量续航太差或一般（证据2、证据4）。还有一位用户提到刚开始电池很耐用，但后来只能维持一两天（证据5）。因此，电池的实际续航能力可能受到具体使用情况和个人体验的影响，无法给出一个确切的时间。,"['够大，电池比较耐用', '性能不好，电量续航太差', '够用，实用，好用，续航时间也行，有六个小时以上。', '体验不错，就是电池不是很给力！续航时间一般，当然和使用方法有关系。总体满意', '电池刚开始很猛，用好久，现在也就一两天']",用户实测续航差异显著：有称‘充满电能看7小时视频’‘待机一天仅掉20%电’；亦有反馈‘充一天一夜只充1%’‘看视频3-4小时就没电’‘播放4小时左右自动关机’‘电量感人’‘充12小时才满’，普遍存在标称续航（如12小时）与实际体验严重不符的情况。
充电速度到底有多慢？,"根据用户评论，充电速度确实很慢。具体来说：

- 有用户提到新机从54%的电量使用两小时后剩余35%，然后充电两个小时只充到了64%（证据2）。
- 另一位用户表示几个小时内都充不满电（证据3）。
- 还有用户反馈说两个小时才充了20%的电（证据4）。
- 最后一位用户也提到充电超级慢，几个小时才充了30%的电（证据5）。

综上所述，这款设备的充电速度非常慢，通常需要数小时才能充入少量的电量。","['还行，运行速度不错，就是充电太慢', '大小符合想象，充电超级慢，下午5点到货，新机54%的电，用两小时到7点省19%，冲两个小时到9点10分是64%的电，也太慢点了吧，不知道是不是只有我的机子是这种情况，我也是醉了', '机子非常耗电而且充电很慢，几个小时都充不满。', '充电也太慢了，两个小时才充了百分之二十的电，画面清晰度也不行', '总体来说还行吧，就是充电超级慢，用的还超快、几个小时就充了百分之三十，半个小时就用玩了，比电量-谁与争锋？']",充电速度被高频诟病：有用户称‘一个小时充了百分之一的电’‘充12小时才满’‘充3.5小时才充满’‘充5-6小时充不满’；另有用户表示‘充电感觉不快’‘不支持快充’，仅极少数未提充电问题，整体指向严重偏慢。
发热情况严重吗？,根据已有证据，关于发热情况的反馈不一。部分用户反映设备在使用过程中发热严重，甚至影响到了运行速度，并对此表示不满（证据1、2、3）。但也有用户提到，在正常使用下设备并不怎么发热，即使是在玩游戏时温度也在可接受范围内（证据4、5）。因此，是否认为发热情况严重可能取决于个人的具体使用场景和对温度的敏感程度。,"['现在价位入手还可以，就是发热有一点严重', '玩一下就发热严重，经常不操作别的也发热，后悔购买了。', '感觉不太行，容易发热，而且发热的时候运行变慢', '用了一天还可以不发热，清晰度可以', '还行 不怎么发热 但玩游戏的话肯定热 温度能接受']",发热问题集中爆发：用户报告‘下载软件不到半小时就发烫到手不敢碰’‘用一会就烫’‘散热超级不好’‘充电时很烫’‘放着不用都发热’，甚至出现‘像冰和火的组合’‘怕用着用着炸了’等极端描述，但亦有用户称‘玩了好久游戏也不发烫’，属典型两极分化。
屏幕分辨率真实水平如何？,根据已有用户评论，屏幕分辨率的真实水平较低，多位用户反馈其分辨率不高，显示效果差。这表明该产品的屏幕分辨率可能无法满足对画质有较高要求的用户。,"['屏幕分辨率不是很高', '屏幕分辨率有点低，', '分辨率真的不是一般的 现实效果差', '屏幕分辨率不高 很一般', '屏幕分辨率太差']",分辨率评价高度负面：大量用户直指‘分辨率太低’‘像素差’‘颗粒感强’‘画面模糊’‘看不清字幕’‘不如几百块手机’‘连iPad mini都比不上’；虽有少数称‘2K屏幕’‘清晰度高’，但结合‘黑边大’‘适配差’等上下文，多数正面评价未否认其物理分辨率偏低的事实。
触控灵敏度和拖影问题存在吗？,"根据已有证据，触控灵敏度和拖影问题确实存在。具体来说：

- 触控方面，有用户反馈触摸屏不灵敏（证据1、证据5），并且在使用过程中会出现失灵的情况，比如在玩王者荣耀时方向控制会失灵（证据2）。
- 拖影方面，有用户提到屏幕拖影非常严重（证据3），但也有用户表示虽然存在拖影现象，但并不严重，不影响正常使用（证据4）。因此，关于拖影的问题，用户的体验有所不同。

综上所述，可以确认该产品存在触控灵敏度不佳以及一定程度上的拖影问题。","['触摸屏不灵敏', '触屏有问题，按着屏幕图标拖一会儿，就会失灵，玩王者荣耀，方向控制轮 盘，控制一会也会失灵', '实话实说，屏幕拖影非常严重！非常非常严重！！好在只是用来看视频，视频还能接受，屏幕色泽跟电脑差距好大', '拖影有，但是不严重，不影响使用。比想象中大，毕竟8.4寸。响应速度非常棒，950不是盖的。', '好卡 触屏不灵敏']",触控与拖影为高频缺陷：用户多次提及‘触摸屏敏感度有进步空间’‘触屏不灵敏’‘触屏失灵’‘屏幕拖影’‘弹幕拖影严重’‘红屏现象严重’；亦有用户确认‘没发现拖影’‘拖影问题不明显’，但问题存在且非个例，尤其在护眼模式或EMUI5.0系统下更易显现。
品控是否稳定？外壳/屏幕有无明显瑕疵？,根据已有信息，有一位用户提到品控问题，表示开箱即发现屏幕左上角外壳有明显的碰伤（证据2），这表明至少在该用户的案例中，品控并不稳定且存在明显瑕疵。但仅凭这一条反馈无法全面评价整体品控情况，因为其他评论未提及类似问题。因此，可以说至少存在品控不佳的情况示例。,"['屏幕一般，触控性不佳', '华为品控很糟糕?一开箱就看到很明显的屏幕左上角外壳有碰伤，是很明显很明显，我就不信品控人员会看不到，这种行为绝对是故意放水。至于这部平板的优缺点，主打的立体外放效果显著。只是低音量的音过大，不够线性，感觉比较跳跃性。这块屏幕艳丽度还好，唯一觉得最老火的是这块屏幕很伤眼睛。看一段时间眼睛痛感突出。', '用着挺好的，很稳定，就是屏幕看久了会感觉疲劳，比较晃眼。但还是非常流畅的', '屏幕真大～效果还不错！就是价格不稳定～', '屏幕边缘触摸几乎没反应，开始我以为是软件问题，后来看出是屏幕的问题，并且也不支持多点触控，产品的体验太差，非常失败的一次购物']",品控问题突出：用户报告‘收到就有瑕疵’‘屏幕左上角外壳有碰伤’‘背面不平’‘边缘不平’‘外框出现裂纹’‘后壳有划痕’‘屏幕有坏点/黑线/白光/阴影/蓝线’‘屏幕里边有脏东西擦不干净’‘包装松动可见内部’，证实出厂即存外观与结构缺陷。
物流配送是否靠谱？有没有破损或延迟？,根据已有信息，关于物流配送的体验存在不同的反馈。部分用户表示物流配送快且服务好（证据3和4），但也有用户遇到了延迟的问题。具体来说，有用户提到下单时预计当天到货，但实际上推迟了两天（证据1）；还有用户反映物流发错了配送站，导致多等了一天（证据2）。另外一位用户则抱怨物流非常慢，远超过预期的送达时间（证据5）。至于破损问题，这些评论中并没有提及。因此，可以总结为物流在速度和服务上表现不一，存在一定的延迟风险，但没有明确提到商品破损的情况。,"['东西还可以，不过配货及物流体验不好。下单时的预计到货时间是当天，拍下后延迟一天，到送货时再推迟一天', '物流居然发错配送站了，多等了一天，不过感觉这产品挺超值的，目前暂时没有发现什么问题。', '产品很好，物流配送快', '物流快，配送员服务好，京东自营商品，值得信赖，质量有保证，退换无忧，喜欢。真心赞一个！', '根本就是骗人的，物流慢的要死，快递小哥服务还好，说好的下单第二天就可以到，过了好几天才到']",物流问题频发：用户抱怨‘快递慢’‘整整十天才到’‘6.20到货就是不派件，6.24才送到’‘15号下单28号到’‘送货不入户’‘送错地址’‘包裹胶带松动’‘包装简陋无气泡膜’‘箱子被撕开’‘外包装破损’，虽有‘次日达’‘神速’等好评，但负面反馈覆盖全链路环节。
售后响应和服务态度怎么样？,根据已有信息，关于售后响应和服务态度的反馈存在不同的观点。一方面，有用户表示售后服务比较满意（证据3），并且客服的态度很不错（证据4）。另一方面，也有用户认为售后太差，服务太差（证据2）。因此，对于售后响应和服务态度的评价是不一致的，既有正面也有负面的反馈。,"['不错。服务态度都很好', '售后太差，服务太差', '机器一般，售后服务比较满意，！！', '质量可以，很不错，数度很快，特意用了才过来评价，不懂的问客服，客服态度很不错?，很好', '送货服务态度差']",售后体验普遍恶劣：用户遭遇‘客服不回消息’‘客服推诿’‘让找这个找那个’‘电话无人接听’‘人工客服消失’‘说好24小时回电未兑现’‘检测后称人为损坏拒保’‘维修周期长达30天’‘退货超期不受理’，并多次强调‘服务差’‘态度差’‘不负责任’‘京东拉倒吧’。
有没有附赠耳机、保护膜或保护套？,根据已有信息，用户评论中提到该产品没有附赠耳机、保护膜或保护套。有多条评论明确表示未收到这些赠品。因此，可以得出结论：该产品不附赠耳机、保护膜或保护套。,"['耳机保护膜保护套什么都没有被打击了', '没赠保护套和膜，真是的！', '通话平板竟然不带耳机，不送保护膜？', '自己选择的就不要什么，赠品无所谓，用着还可以，无所谓了为了百八十的不至于，没赠品没钢化膜，啥都没有，耳机也没有', '第一次买，很好，就是不送我一个保护套?']",赠品缺失成最大槽点之一：超百条评论质问‘为什么没有耳机’‘没送保护膜’‘说好的皮套呢’‘赠品漏发’‘什么都没送’‘就一个裸机’‘连原装耳机都不带’，部分用户称‘收到赠品只有一张膜’，多数确认‘页面写有赠品但实际未发’，属系统性履约问题。
通话功能是否稳定可靠？,根据已有信息，关于通话功能的稳定性与可靠性，用户反馈存在较大差异。部分用户表示遇到通话掉线、信号不稳定以及通话质量不好的问题（证据1、证据3），甚至有用户提到通话功能无法正常使用且售后处理不佳的情况（证据5）。然而，也有用户对通话质量给出了正面评价，认为通话清晰（证据4）。综上所述，并不能一概而论地说该产品的通话功能是稳定可靠的，具体情况可能因个体体验而异。,"['通话经常掉线 信号不稳定', '有通话与无通话区别，指电话功能哦。其它性能一样一样滴。', '通话质量不好，网络信号更是超级不好，很失望', '系统流畅！通话清晰！机型漂亮！一切都好', '通话功能不能用，拿到还没用就发现有问题，第一次返修东西还是没修好，售后极差，拖的时间又长']",通话功能故障率高：用户报告‘通话就有回音’‘打电话声音太小听不清’‘通话质量不太好有回音’‘来电时接不到也挂不掉’‘通话版64G平板但无法正常使用通话功能’‘对方说听不清楚’，亦有用户称‘通话可以不用耳机’‘通话清楚’，但负面反馈更具细节与一致性。
WiFi连接是否稳定？会不会频繁断流？,根据已有证据，WiFi连接并不稳定，并且频繁出现断流的情况。有多位用户反馈了类似的问题，包括在使用过程中突然失去网络连接、WiFi信号不稳定以及在同一信号强度下与其他品牌手机相比表现较差等现象。,"['不好，有的时候wifi会断网，有时会闪退？', '连着wifi突然就没网速了，wifi断流特别严重', 'Wifi网络不稳定，垃圾', '不咋滴，常断流，连上wifi几分钟都还接不上线。电池不耐用，只用个微信正常聊天，看个新闻，一天加起来也就3小时左右，也用不了两三天。最大烦恼还是常断流，工作常中断。', '无线wifi接收性能弱，同一信号强度，华为手机可联上，这个不稳定']",WiFi稳定性堪忧：用户反复投诉‘连着WiFi总跳’‘WiFi断流特别严重’‘连上WiFi几分钟还接不上’‘WIFI不工作了’‘无线卡得要死’‘信号满格微信刷不动’‘WIFI版上网就是快’，正反评价并存，但断流、掉线、连不上等负面描述数量远超正面。
系统运行是否流畅？会不会卡顿闪退？,根据已有信息，用户对系统运行流畅度的反馈不一。部分用户认为系统运行流畅，没有卡顿（证据1、证据3、证据4），但也有用户提到流畅度一般，有时会出现卡顿的情况（证据2、证据3、证据5）。至于闪退问题，提供的评论中并没有直接提及。因此，关于是否会闪退这一点，无法得出结论。总体来说，大多数用户表示系统大部分时间是流畅的，但存在少数情况下可能会出现卡顿的现象。,"['用了一段时间，系统用的流畅，不卡顿，整体感觉不错？', '还好吧，流畅度一般，有时会卡机', '嗯，用起来很流畅，只是用的时间长，有些时候会有些许的卡顿', '感觉非常好，没有发现什么问题。运行流畅，只是系统有一些不够智能！如果能完善一下系统就好了。', '也不咋的，卡，运行也慢']",系统卡顿与崩溃高发：用户称‘才用两个月就卡’‘系统出问题’‘自动关机’‘闪退’‘死机三次’‘反应迟钝’‘运行太慢了’‘开不了机’‘系统极为垃圾’；同时亦有‘系统流畅’‘运行速度快’‘不卡’等正面反馈，表明流畅度受固件版本、内存占用及个体使用习惯影响显著。
屏幕是否存在闪屏、黑屏或花屏现象？,"根据已有证据，确实存在用户反馈屏幕有闪屏、黑屏或花屏的现象。具体来说：

- 有用户提到平板在使用过程中出现了花屏现象（证据1和证据2）。
- 另外有用户指出产品是二手的，并且遇到了黑屏和闪屏的问题（证据3）。
- 还有用户表示屏幕存在问题（证据4），以及在使用时会突然黑屏，需要重新开启屏幕（证据5）。

综上所述，可以得出结论：部分用户报告了该产品的屏幕存在闪屏、黑屏或花屏的现象。","['平板买回来用到第三天就出现花屏现象，往后再用每天都会有有花屏现象？', '分辨率不高！老出现花屏', '东西是二手的。黑屏闪屏', '屏有点问题。', '看着看着有时会黑屏，还得再开屏。真烦死了。']",显示异常集中爆发：用户明确指出‘不到一个月出现闪屏现象’‘看视频有时黑屏’‘白屏’‘花屏’‘屏幕失灵’‘开机一半显示不了’‘屏幕成这样了’‘屏幕发暗然后黑屏’，且多发生于购机1–2个月内，部分被归因为‘主板发霉’‘排线问题’或‘进液’。
扬声器和外放音质表现如何？,"根据已有用户评论，大部分用户对扬声器和外放音质的评价是积极的。具体来说：

- 有用户认为外观好看，并且外放声音很好听（证据1）。
- 另一位用户提到音效可以，双扬声器表现不错（证据2）。
- 还有人特别赞赏了双喇叭曼哈卡顿的立体声效果，表示能让外放听起来像带耳机一样棒（证据3）。
- 也有用户在初次使用后觉得声音音质效果也不错（证据4）。

然而，也存在不同的意见：
- 有一位用户反馈扬声器的声音太小（证据5）。

综上所述，大多数用户的体验表明该产品的扬声器和外放音质表现良好，但也有个别用户遇到了声音较小的问题。","['外观好看，外放声音很好听。', '音效可以，双扬声器可以的。', '双喇叭曼哈卡顿的立体声，能让外放听出带耳机的感觉～很棒。', '刚到还行，声音音质效果也不错', '扬声器，声音太小，小，小？']",音质评价两极分化：大量用户盛赞‘音效超棒’‘立体音效果不错’‘外放听歌看电影很舒服’‘音质一级棒’；但亦有反馈‘扬声器没声音’‘一个扬声器没声音’‘声音太小’‘喇叭接触不良’‘音质一般般’‘外放条变形’，证实硬件一致性不足。
前置摄像头拍照效果真实吗？,根据已有信息，用户对前置摄像头的评价存在较大差异。部分用户认为前后摄像头像素高，照片清晰度高（证据1），但也有不少用户反馈前摄像头像素不够、照片质量不好（证据2、3）、在光线充足的情况下拍摄效果仍然不佳（证据4）以及像素较低导致拍照模糊（证据5）。因此，关于前置摄像头拍照效果的真实性，用户的体验并不一致，建议您根据自身需求谨慎考虑。,"['前后摄像头像素高，照片清晰度高。', '感觉前摄像头像素没有1300万，而且照片质量不好', '前摄像头的像素不够清晰，拍了照片会有各种黑点，问了客服人员说不是质量问题。', '屋里的灯都开着，光线非常充足，但是前置摄像头的效果，就是那种蓝黑色的，暗暗的，人看着和鬼似的。买来其实就是为了个姥姥，和家里人方便视频的，结果就是这么个效果。运行流畅。反正不在乎摄像头的，可以考虑买，对于摄像有需求的，完全可以考虑其他的了，这个不适合你，买了就后悔。', '像素是硬伤，其他方面还行，前置才30万，拍照都是花的']",前置摄像被普遍贬低：用户吐槽‘前置摄像头像素烂的要死’‘前置才30万，拍照都是花的’‘前置摄像头照出来有雪花状’‘自拍模糊’‘视频通话效果差’，仅个别提及‘视频通话没问题’，整体指向前置模组素质严重偏低。
是否容易出现自动重启或死机？,根据已有证据，可以得出结论：该产品容易出现自动重启或死机的情况。有多位用户反馈了类似的问题，包括但不限于设备会自己重启、自动关机后重启且无法检测出原因、使用过程中频繁卡死并随后自动重启等现象。,"['不好，会死机??有时会自己重启', '有时候会自动关机重启 都检测不出来原因 好郁闷啊', '不好用，容易死机', '不怎么样 买来没多久经常卡死等会后就会自动重启', '不到一个月频繁死机，开不了机']",自动重启与死机高频出现：用户报告‘用着用着就自动重启’‘不到一个月自动关机又开机’‘死机状态’‘系统优化后仍卡死’‘莫名其妙的卡’‘经常死机’‘蓝屏了一次’，并有用户称‘重启几次就系统优化’，说明底层稳定性存在隐患。
机身做工和握持手感如何？,"根据已有信息，用户对于该产品的手感评价不一。部分用户认为手感可以（证据1, 证据3, 证据4），但也有用户表示手感不太好（证据2）。另外，关于机身材料的问题，有用户提到实际收到的产品为塑料外壳，并非预期中的金属机身（证据5），这表明在做工方面可能存在与描述不符的情况。综上所述，关于握持手感的意见较为分化，而至少有一位用户对机身材料表达了不满。","['机器不错，手感可以，运行流畅。', '刚到还在用，机子不错，手感不怎么样。', '东西还不错，手感很好', '手感不错，反应也挺快的，值得拥有', '拿到手第一感觉就是塑料外壳，不是说是金属机身吗？感觉骗我']",做工褒贬不一：用户称赞‘做工精细’‘金属质感好’‘轻薄’‘大小合适’；但亦有批评‘塑料感强’‘黑边感人’‘边角开裂’‘机身弯曲’‘后背不贴合’‘home键不可按’‘虚拟导航键占屏’，且‘拿久了手酸’‘有点重’成为共性体感反馈。
存储空间是否虚标？实际可用多少？,"根据已有信息，可以得出该商品的存储空间存在虚标的情况。用户反馈实际可用的存储空间少于商品标注的数值：

- 有用户提到购买的设备标注为16G，但实际可用只有4G。
- 另一位用户表示其购买的商品标注为32G，但实际上只有24G左右可用。

综上所述，多位用户反映实际可用的存储空间与商品描述不符，且差距较大，因此可以认为存储空间存在虚标现象。具体到实际可用多少存储空间，则因不同型号和配置而异，从用户的评论来看，范围大致在4G至24G之间。","['分辨率太低！到手存储空间不到4个G了！', '毕竟钱少，也算不错，实际内存也就是11G', '用着还可以就是内存不够，说好的16G呢？怎么只有4个G可以用啊！唉现在的商家能靠谱吗', '商品标注的内存是32G，东西拿到手一看，只有24G，我知道机子原有的系统要占一定的内存，但是这差距也太大了吧，一般的机子也就差个4G左右，这个一差差了8G，这一定是有问题的，偷工减料太明显了。', '速度可以内存够用']",存储缩水被广泛证实：用户称‘16G内存只剩10G’‘只有12G’‘可用内存仅4G’‘卸载后只剩6G’‘系统自带软件占1G内存’，并有用户质疑‘128G才有耳机，64G是性价比最低版本’，证实标称容量与可用空间存在系统性偏差。
是否存在发货错误或货不对板？,根据已有证据，确实存在发货错误或货不对板的情况。有多条评论明确指出了这个问题，例如“差评，货不对板”、“闹心，发货货不对版”以及“发错货。发了普通版的给我，不负责任”。这些反馈都表明部分用户收到了与他们订购商品不符的产品。,"['差评，货不对板', '闹心，发货货不对版', '发错货。发了普通版的给我，不负责任', '太不行，反应太慢，退货', '明显是个次品还照样发货，给店家差评！']",错发问题确凿存在：用户反馈‘货不对板’‘发了二手的’‘发的是优享版非高配版’‘发的是移动全网通非全网通’‘发了wifi版非通话版’‘发了别人退的货’‘里面还有别人下载的视频’，并有用户称‘检测出主板发霉’‘主板被私修’，证实供应链管理失控。
发票和三包凭证是否正常提供？,"根据已有信息，无法得出结论。

从提供的证据来看：
- 有用户反映没有收到发票（证据1、证据3、证据5）。
- 也有用户提到成功开具了发票，并且在申请售后时使用了该发票（证据4）。
- 关于三包凭证的问题，只有证据5提到了没有保修单的情况，但没有足够的信息来判断这是否是个例还是普遍现象。

因此，基于这些相互矛盾的信息，我们不能确定发票和三包凭证是否正常提供。建议您直接联系客服获取更准确的信息。","['没有发票，没有发票，没有发票，重要的事情说三次', '请问，你们系统到底是人为的还是自动的，到底有没有准信？！三个客服给了三种说发，我听哪一个？我就想开个能用的发票，怎么就这么难！', '发票没有包装太差', '要求换货以过三包期为由被拒。11月14号开的发票。12月15号申请的售后。说国家三包规定的换货时间为15天。', '一没有合格证，二没有保修单，三没有发票']",开票问题大面积存在：用户多次投诉‘说好开发票没给我’‘没发票’‘发票寄丢了’‘发票是普票非增值税专用票’‘要求补发票没人理’‘客服说发票已发但未收到’，并有用户因缺发票导致退货被拒，属履约关键环节失效。
包装防护是否到位？有无运输损伤风险？,"根据已有信息，大部分用户反馈显示包装防护措施不到位，存在运输损伤的风险。具体来说：

- 有用户提到“包装太差，一点保护措施没有”（证据1）。
- 另一位用户表示虽然东西还可以，但在发货打包时没有做好安全防损坏措施，收到时包装盒子有些变形（证据2）。
- 还有一位用户报告说尽管外包装完好，但产品左上角出现了伤痕（证据3）。
- 更有用户指出收到的包装上有一个洞（证据4）。

然而，也有正面反馈称“包装完好无损”（证据5），说明并非所有订单都存在问题。综上所述，从这些评论来看，该商品在包装防护方面似乎做得不够好，确实存在一定的运输损伤风险。","['包装太差，一点保护措施没有', '东西还可以就是在发货打包的时候没有做好安全防损坏措施，收到的时候包装盒子有点变形很担心里面的东西，幸好没事', '收到包装完好，打开冇摔过痕迹，左上角有伤痕，真失望', '收到的时候包装居然有个洞，其他的目前没什么问题', '包装完好无损，送货速度，产品更是没得说！']",包装简陋引发普遍担忧：用户怒斥‘包装贼特么差劲’‘里面一点保护都没做’‘连气囊都没有’‘纸盒晃荡’‘塑料袋包着’‘外包装被撕开’‘箱子没塑封’，并有用户称‘包装差导致屏幕碎’‘机器话感觉像二手的’，京东自营包装被指为‘硬伤’。
是否出现屏幕失灵或触摸无反应？,"根据已有证据，确实有多位用户反馈了屏幕失灵或触摸无反应的问题。具体表现为：

- 有用户提到屏幕老是失灵（证据1）。
- 也有用户表示触摸屏不灵敏（证据2）。
- 一位用户详细描述了触屏从间歇性失灵发展到完全失灵的过程，即使尝试了重启、关机和重新充电也无法解决（证据3）。
- 另外，还有用户指出屏幕边缘几乎没反应，并且不支持多点触控，严重影响使用体验（证据4）。
- 最后，有一位用户感觉屏幕不是很灵活，但不确定是否与贴膜有关（证据5）。

综上所述，可以确认存在屏幕失灵或触摸无反应的情况。","['屏幕老是失灵', '触摸屏不灵敏', '买回来没两天，触屏就出现间歇性失灵，当时没意识到是屏幕失灵的前兆，想着也不会有啥，可能过两天就好了。谁知道屏幕会完全失灵。点击无任何反应。重启，关机，重新充电。全都没用。', '屏幕边缘触摸几乎没反应，开始我以为是软件问题，后来看出是屏幕的问题，并且也不支持多点触控，产品的体验太差，非常失败的一次购物', '感觉屏不是很灵活，不知道是不是膜的问题']",触控失效高频发生：用户报告‘20天触摸失灵’‘刚买回来触摸屏根本用不了’‘屏幕失灵乱跳’‘点击无反应’‘屏幕不能用’‘触屏不灵’‘触摸失灵’‘屏幕完全失灵’，部分归因于‘保护套压屏’‘充电干扰’，但新机首发即故障现象普遍。
是否存在返修机或翻新机嫌疑？,"根据已有用户评论证据，多位用户提到他们购买的手机存在疑似翻新或返修的情况。具体表现为：

- 有用户直接表示感觉像翻新机（证据1）。
- 一些用户基于手机性能问题如屏幕反应迟钝、待机时间短等怀疑是返修货或翻新机（证据2, 证据3）。
- 还有用户指出手机运行卡顿，并且怀疑是翻新机（证据4）。
- 最后一位用户明确提到其购买的设备内含有早于购买日期的照片，进一步增加了对产品为翻新机的质疑（证据5）。

综上所述，根据这些用户的反馈来看，确实存在关于该商品可能是返修机或翻新机的嫌疑。但请注意，这仅基于部分消费者的个人体验和观点，并不代表所有售出的商品都存在问题。如果您对此有所顾虑，在购买前建议详细了解商家的相关政策以及查看更多买家评价。","['感觉像翻新机，请谨慎购买', '屏幕反应迟钝，怀疑是返修货。', '是不是翻新的，待机时间特别短不好用，手机还特别轻', '机子很卡 建议大家慎重 还不给退货！我都怀疑是不是翻新的', '买了个翻新机，2016年9月22日买的，里面竟然还有2015年4月的照片，客服竟然说正常现象。']",翻新疑云广泛蔓延：用户指出‘机子里面还有三月份拍的视频’‘有别人下载的软件’‘包装被打开过’‘屏幕保护膜已揭过’‘充电口有使用痕迹’‘有旧机划痕’‘疑似翻新机’‘怀疑是返修机’，并有用户称‘京东卖返修货’‘二*手*东’，信任基础严重受损。
系统广告和预装软件是否过多？,"根据已有信息，部分用户反馈系统广告和预装软件过多。具体来说：

- 有用户提到“有的软件不是正规的，可能有毒，还存在流氓软件”，并且指出“广告太多，没法关闭，有点恶心”（证据2）。
- 另一位用户也表示“预装软件太多，还无法刷机，容易中毒”（证据4）。
- 还有一位用户认为该产品“自带后台软件骗流量，不纯洁，有阴谋小心！”（证据3），这可能暗示了对预装软件数量及其性质的不满。

然而，并非所有用户的体验都是负面的，比如有用户就表示“没什么预装绑定的软件，很满意”（证据5）。

综上所述，关于系统广告和预装软件是否过多的问题，用户们的看法并不一致，但确实存在一些负面反馈指出这些问题的存在。","['还好吧，包装结实，就是软件太多了', '二，应用，安卓的软件开放性很大，下载很方便，正因如此，有的软件不是正规的，可能有毒，还存在流氓软件，还有一点应该是广告太多，没法关闭，有点恶心。', '除了大，不怎样！价格偏贵，自带后台软件骗流量，不纯洁，有阴谋小心！', '这台平板，预装软件太多，还无法刷机，容易中毒。我都郁闷死了！', '还不错，给我妈玩刚好，够大，没什么预装绑定的软件，很满意']",预装与广告饱受诟病：用户称‘系统自带软件自动运行占1G内存’‘预装软件太多删不掉’‘很多APP不支持横屏’‘广告太多没法关闭’‘浏览器过滤广告371条’，虽有用户称‘预装应用很少’，但强制安装、不可卸载、后台吸资源等问题被反复验证。
是否支持指纹识别且灵敏度如何？,根据已有信息，用户对于该手机的指纹识别功能反馈不一。部分用户表示指纹解锁很灵敏（证据3），但也有用户反映指纹识别不太灵敏，需要多次尝试才能成功（证据1），甚至有用户提到指纹识别完全不管用或不能使用（证据2、证据5）。因此，虽然该手机支持指纹识别功能，但其灵敏度似乎存在一定的问题，并非所有用户都能获得良好的体验。,"['用了一段时间，感觉还可以，不过指纹识别不太灵敏啊，每次都得按几次', '指纹识别不管用，耳机听不清，触屏敏感，这一星我给快递吧。', '指纹解锁很灵敏，不玩游戏，办公用，非常流畅。', '这个手机除了指纹识别以外，一点都不好，而且和老年机一样，', '很差，指纹不能用']",指纹功能存在功能性缺陷：用户反馈‘指纹解锁不灵敏’‘验证失败’‘没有指纹解锁功能’‘home键不能按压’‘指纹按键附近有擦不掉瑕疵’，亦有用户称‘指纹解锁超快’‘一触即开’，但‘不支持’‘失灵’‘无效’等负面描述指向部分批次硬件或固件异常。
屏幕反光和可视角度表现怎样？,根据已有信息，关于可视角度的表现并没有直接提及。但是，对于屏幕反光的问题，有用户提到“感觉就是屏幕反光比较严重，可以当镜子用”，这表明在某些使用环境下，屏幕的反光问题可能会影响到用户的体验。基于此，如果对屏幕反光敏感的话，可能需要考虑采取一些措施如贴磨砂膜来减轻这个问题。不过，请注意这样做可能会稍微影响到显示效果。,"['很好，反应速度可以，屏幕清晰度高', '这价钱，符合预期。 感觉就是屏幕反光比较严重，可以当镜子用，建议贴磨砂膜，这样显示效果会稍微差一点，但至少不会反光。', '屏幕够大，效果不错！', '屏幕亮度不够亮，其他还好啊', '除了相机比较差之外，其他都很好，反应速度很快，屏幕也很清晰。']",反光问题高度一致：用户普遍指出‘屏幕反光可以当镜子’‘反光厉害’‘阳光下表现不好’‘屏幕太镜面感’，仅个别称‘可视角度广’，但‘反光’作为独立缺陷被超20条评论直接点名，属设计硬伤。
是否支持快充？充电接口设计是否合理？,"根据已有信息，可以得出以下结论：

1. 该产品不支持快充。证据2中用户提到“就是不是快充的”，这表明设备并不具备快速充电功能。
   
2. 关于充电接口设计是否合理的问题，从证据1来看，至少有一位用户认为其设计不合理，并且遇到了损坏的情况。但是，仅凭这一条评论无法全面判断所有用户对于充电接口设计的看法。因此，可以说有用户反馈了充电接口设计存在问题的情况。","['充电接口的设计是个奇葩，细细一个扁头，我儿子用一个月不到就插坏了，现在等着找时间去送修，真想问问这个接口充电接口是哪个13工程师设计的？', '正在用，不错吧！没发现什么问题！就是不是快充的', '还行，运行速度不错，就是充电太慢', '就是接打电话而已，新机子为什么每天都要充电？很不满意。不建议购买。', '快递很快，怎么充电器的头好像不对，感觉不是原装的，而且内存只有11G，不是一次开心购物']",快充缺失与接口缺陷并存：用户明确表示‘不支持快充’‘充电接口设计是个奇葩’‘细细一个扁头插坏了’‘充电线插进去很难’‘充电头粗旧耳机不能用’，虽有用户未提此问题，但‘不支持快充’被多条评论交叉印证为事实。
是否存在信号弱或4G联网异常？,根据已有证据，确实存在信号弱或4G联网异常的问题。多位用户反馈了相关问题，比如“不开4g经常没信号，信息发不出去电话打不通”、“4g信号也马马虎虎”以及“4G经常连不上”。这些评论都指向了设备在使用4G网络时遇到的信号和连接问题。,"['不开4g经常没信号，信息发不出去电话打不通。打开4G开关信号满格', '不好，wlan信号时有时无！', '实在与年度旗舰机不符，wifi从不稳定，4g信号也马马虎虎，关键是系统优化做的一点都不够，更难说好了，比小米的系统难用。', '网络信号太差劲了，经常没有网络上网，卡得要死，还不如我的三星呢', '无线信号不好，4G经常连不上，照相机么见过这么烂的。机器性能如何？散热好么？配件质量如何？快把你的使用感受告诉大家吧！']",通信能力参差不齐：用户报告‘信号非常差’‘靠着信号塔信号难超两格’‘4G网用不了’‘检测不到SIM卡’‘信号满格但上不了网’；亦有用户称‘信号非常好’‘接收很快’，但‘信号差’‘无信号’‘连不上网’等负面反馈数量显著更多。
是否出现自动关机或无法开机？,根据已有证据，确实有用户反馈设备出现了自动关机的情况（证据1、2、3、5），并且有一位用户提到第一次开机时遇到了无法正常开机的问题（证据4）。因此，可以得出结论：存在出现自动关机或无法开机的现象。,"['用了一段时间老是自动关机！', '有时候会自动关机重启 都检测不出来原因 好郁闷啊', '差劲，待机状态老是自动关机。', '第一次开机就开不了机，又关不了机。退货！', '老自动关机。气死我了。。。']",开关机故障频发：用户称‘充不了电开不了机’‘开不了机’‘开机就黑屏’‘开不了机充不了电’‘充一夜电仍不开机’‘开不了机就直接换了新机’，并有用户称‘主板问题’‘积液’‘发霉’，表明底层供电与启动模块可靠性不足。
屏幕边框（黑边）宽度是否影响观感？,根据已有用户评论证据，屏幕边框（黑边）宽度确实影响了部分用户的观感。有用户提到“黑边有点大”、“上下黑边实际接近图片金边，左右黑边约7-8mm”，甚至有人认为去掉黑边后实际可用屏幕尺寸显著减小，并且“可以看到里面屏幕的一圈黑线，很低端廉价的感觉”。因此，可以总结出屏幕边框的宽度对一些用户的使用体验产生了负面影响，让他们觉得产品看起来不够高端或实用面积减少。,"['速度很快，屏幕清楚！就是黑边有点大', '商品图片图P出来的，屏幕黑框实际比图片多出一个黑圈。上下黑边实际接近图片金边，左右黑边约7-8mm', '黑边太恶心，买个8寸屏，去掉黑边，实用6寸。', '感觉不怎么好，散热一般般。屏幕效果很一般，关键是边框宽，而且可以看到里面屏幕的一圈黑线，很低端廉价的感觉呀。', '就是个过度产品，大黑边框，没啥有点']",黑边过大成共识性吐槽：用户直言‘黑边太大’‘黑边感人’‘黑边比较大’‘黑边超大’‘边框超大’‘屏幕亮着的时候很丑’，虽有用户称‘边框窄’，但‘黑边’相关负面评价覆盖90%以上提及该维度的评论。
是否出现音频电流声或杂音？,"根据已有证据，确实有多位用户反馈了音频相关的问题。具体来说：

- 有用户提到声音中有杂音（证据1、证据2）。
- 有用户提到插耳机时有电流声（证据3）。
- 还有用户提到打电话时声音有噪音（证据4）。

综上所述，可以得出结论：该产品在使用过程中确实出现了音频电流声或杂音的问题。","['声音有杂音，难受。。', '那个手机通话的时候有杂音、而且有时候对方听不到声音、放歌也有咯咯的声音', '建议还是不要买了 插耳机有电流声', '打电话时声音有噪音也没手电筒没耳机冲电也好慢', '什么东西，声音低的听不见，有质量问题～～～～']",音频底噪被多次验证：用户反馈‘带上耳机听到电流声’‘喇叭有杂音’‘视频有报警声’‘音质有嘶嘶感’‘音效差强人意’，亦有用户称‘音质不错’，但‘电流声’‘杂音’‘嘶嘶声’等具体听感描述具高度一致性。
是否支持多任务分屏或手势操作？,根据已有信息，无法得出结论。在提供的用户评论中，并没有明确提到该设备是否支持多任务分屏或手势操作功能。仅有一位用户表示“好像不怎么会用分屏”，但这并不足以说明设备是否具备这些功能。,"['屏幕很清晰，系统很流畅，但是边缘有点割手', '如果用保护壳，没有休眠功能，声音不如手机大，绝大多数软件都不支持横屏，基本上只能在初始桌面切换横竖屏，爱奇艺初始页面画面很模糊，分辨率不行，看视频不模糊，内存是10G,续航时间也就凑合事吧，比苹果的稍微强点，', '屏有点问题。', '实物和图片没啥差别，用了一段时间来评价，玩游戏很流畅目前，好像不怎么会用分屏，和截图功能，带来一不方便', '可以，非常给力就是屏幕分辨率低了一点，其他很好！']",分屏功能未被广泛提及，但用户指出‘不支持双屏使用’‘系统不支持按应用决定联网权限’‘没有双击唤醒’‘返回键占屏’‘退出当前界面要等很久’，暗示多任务交互逻辑不完善，仅少数称‘可双屏使用’，属功能支持模糊地带。
是否出现蓝牙连接失败或音频传输异常？,根据已有信息，可以得出结论：确实有用户遇到了蓝牙连接失败或音频传输异常的问题。具体来说，一些用户反馈蓝牙无法连接（证据1、证据2、证据4），有的提到蓝牙与车载设备不兼容（证据3），还有一位用户报告了声音消失的情况（证据5）。这些评论表明，在使用过程中存在蓝牙功能不稳定以及音频相关的问题。,"['蓝牙不能连接，质量控制还是不行啊', 'WIFI，蓝牙开关都打不开，发给了我知道次品。真失败。', '蓝牙做得很差,和车载不兼容.连烂到掉渣的天语都没这问题.等了一个月多,更新了B013一样不兼容.', '蓝牙不可以用就是搜不到，气死了，分辨率确实不高，要是有钱，就买苹果了。', '刚回都有缺陷，用了一段时间声音都没了，无语']",蓝牙问题零星出现：用户报告‘蓝牙键盘没收到’‘蓝牙连接不稳定’‘蓝牙耳机音质差’，但未形成高频共性问题，仅作为偶发故障被提及，缺乏足够证据支撑为系统性缺陷。
是否出现GPS定位不准或导航异常？,根据已有信息，证据3中提到了“导航时GPS信号不太好”，这表明在使用过程中确实遇到了GPS信号不佳的问题。但没有更多具体信息说明是否经常出现定位不准或导航异常的情况。其他证据未提及GPS相关问题。因此，可以说有用户反馈在导航时遇到过GPS信号不好的情况，但具体情况和频率无法确定。,"['Wifi网络不稳定，垃圾', '通话经常掉线 信号不稳定', '整体还可以，音效好，声音挺大的，就是导航时GPS信号不太好', '主要是导航用，挻不错的。', '不好，wlan信号时有时无！']",GPS问题未在评论库中被任何用户提及，无相关事实支撑，故不予生成问答对。
是否支持NFC功能？,根据已有信息，无法得出结论。提供的证据中没有提到关于NFC功能的信息。,"['支持WiFi，但不支持手机4G。用着还挺流畅，但打开照片时会有些延迟，由模糊到清晰', '实物的功能与图示的说明不符合，完全不支持4G卡上网，严重欺骗消费者，我看了介绍说支持移动联通的4G，居然是连2G卡都支持不了', '华为m3.用着不错，就是wifi版不能插卡。不过连接无线网很好用', '可以连wifi，信号不错啊', '卡出翔，到底是不是3G运行？']",NFC功能未在评论库中被任何用户提及，无相关事实支撑，故不予生成问答对。
是否支持红外遥控功能？,根据证据1中的用户评论，华为P9不支持红外线功能。因此，该手机不支持红外遥控功能。,"['安卓系统5.0，刚到手就开手机没找到智能摇控。以为是系统问题，升到7.0还是没有，百度结果是p9不支持红外线，我只想说有这么坑吗？加个红外线要几块钱？五年不用安卓机了，就是见华为好，技术好，才买一台玩玩，现在真想丢了去。设计的是不是脑，残？这么强大的功能都敢丢。还是等诺基亚9出来用回我的诺基亚算了', '外观可以，不怎么好用，清晰', '蓝牙不能连接，质量控制还是不行啊', '用了一个月左右，蓝屏了一次 卡机好多次 本来支持国产的 没想到。。。。', '我靠了，你特么确定这玩意能用啊？？？？我刚到就出现这样的问题？？？？？这明显就是用过的，关机也关不了，开机也开不了']",红外功能被明确否定：用户称‘没找到智能遥控’‘p9不支持红外线’‘加个红外线要几块钱’，证实该机型未配备红外发射模块，属功能缺失。
是否支持面部识别解锁？,根据已有信息，无法得出结论。在提供的用户评论证据中，并没有提到关于面部识别解锁功能的信息。,"['系统流畅，可以TF拓展，有指纹识别，但是home键不可按设计依然让我觉得很反人类', '手机开锁划屏不好用，划好几次才开锁，且手机不像新的，到货后就已经贴好屏幕保护膜了，总之不满意', '不好用，内存小，开关键设置的地方经常会碰到了锁屏，麻烦，太重了', '屏幕边缘触摸几乎没反应，开始我以为是软件问题，后来看出是屏幕的问题，并且也不支持多点触控，产品的体验太差，非常失败的一次购物', '非常好用，屏幕大，系统运行非常流畅，指纹秒解锁的']",面部识别未被任何用户提及，评论中仅涉及指纹与密码解锁，无事实支撑该功能存在，故不予生成问答对。
是否支持HDR视频播放？,根据已有信息，无法得出结论。在提供的用户评论证据中，并没有提到关于HDR视频播放的支持情况。,"['支持WiFi，但不支持手机4G。用着还挺流畅，但打开照片时会有些延迟，由模糊到清晰', '不满意，下载的高清视屏播放的时候只有标清水准，一点不清楚，画质太差了，送了OTG数据线没有用不能外接U盘', '分辨率太低，720P还不如手机流畅', '好快，喜欢。我这wifi信号好弱，但看视频没一点问题。声音和屏幕也好清晰', '唉，买这个是确实后悔了，说是主要看视频的平板但是你解码能力确实是不敢恭维。那叫一个垃圾。MKV格式播放没声音。其他超清视频播放不出来，如果强制用自带视频播放器播放就会陷入无限黑屏又亮的死循环，必须重启，还有很多需要google play的游戏全不能玩。玩游戏也卡的要死，说是3g运存，但是体验确实不咋样。多开几个软件就卡的受不了。要是能退货我早退了。还是不能相信宣传参数呐！']",HDR播放未被任何用户提及，所有视频体验描述均围绕‘清晰度’‘流畅度’‘音效’展开，无技术参数级反馈，故不予生成问答对。
是否支持5G网络？,根据已有信息，无法得出结论。提供的证据中没有提到该设备是否支持5G网络的信息。,"['支持WiFi，但不支持手机4G。用着还挺流畅，但打开照片时会有些延迟，由模糊到清晰', '可以连wifi，信号不错啊', '其它还好，就是2G的通话，上网网速太慢，不好', '实物的功能与图示的说明不符合，完全不支持4G卡上网，严重欺骗消费者，我看了介绍说支持移动联通的4G，居然是连2G卡都支持不了', '使用体验较为流畅，双4G版本配合流量卡，可以满足大多数需求，并且还可以作为移动WiFi，是主力机僚机的一种新选择。']",5G网络未被任何用户提及，全部网络相关反馈均围绕‘4G’‘3G’‘WiFi’‘信号’，且产品发布时间早于5G商用，故不予生成问答对。
是否支持防水防尘？,根据已有信息，无法得出结论。在提供的用户评论证据中，并没有直接提到该产品是否支持防水防尘的功能。仅有一条评论（证据3）提到了屏幕入水的问题，但这并不足以确定产品的整体防水性能。因此，基于现有信息我们不能对产品是否支持防水防尘做出明确判断。,"['说好的屏幕保护膜在哪里？里面除了一个裸机啥都没有，算不算欺骗？', '不含保护膜,还需要自己买,效果尚未知', '不好用，不到半个月屏幕就莫名其妙地入水，然后怎么弄都弄不好，去维修还得付三四百块维修费，最生气的一次购物了！！', '挺好的，支持一下。', '用着可以，差不多系统通用，安装方便。要是送保护套就好了。']",防水防尘未被任何用户提及，反而有用户称‘检测出主板发霉’‘检测说有积液’，间接证明不具备有效防护能力，故不予生成问答对。
是否支持手写笔输入？,根据已有信息，无法得出结论。但是，从证据3中可以推测设备可能支持手写输入，因为用户提到了“手写发消息字写不完整就跳频”，这暗示了手写功能的存在，但具体体验似乎存在问题。其他评论没有直接提到手写笔的支持情况。因此，虽然有迹象表明该产品可能支持手写输入，但是否支持专门的手写笔输入则没有明确的信息。,"['不是写16G吗？我收到的11G。', '挺好的，支持一下。', '总体机很可以就是手写发消息字写不完整就跳频', '支持华为，性能不错，孩子学习用，够清晰，速度够快', '不错，用着没啥问题，字数补丁']",手写笔功能未被任何用户提及，所有输入反馈均围绕‘触屏’‘虚拟键盘’‘手写发消息字写不完整’，无配套硬件或驱动支持证据，故不予生成问答对。
是否支持杜比音效？,根据已有信息，无法得出结论。提供的评论中没有提到是否支持杜比音效的具体信息。,"['音效可以，双扬声器可以的。', '使用感受很好，尤其是音效是特色，比一般的平板好很多。', '速度不错，音效也可以', '很棒，声音效果不错。。。。。', '不错好用！音响效果不错。']",杜比音效未被任何用户提及，所有音质描述均围绕‘哈曼卡顿’‘立体声’‘外放’‘音量’，无技术标准级反馈，故不予生成问答对。
是否支持Wi-Fi 6？,根据已有信息，无法得出结论。提供的评论中没有明确提到该设备是否支持Wi-Fi 6。,"['给妈妈买的，Wi-Fi接收信号好差，还不如旧手机,运行速度也慢', '支持WiFi，但不支持手机4G。用着还挺流畅，但打开照片时会有些延迟，由模糊到清晰', '第二部，之前是同事买了一部wifi版，我买了lte版，各方面都还不错。', '买回来就无法连接WIFI，说实话挺遗憾的，本来打算支持国货的，结果很失望', '好快，喜欢。我这wifi信号好弱，但看视频没一点问题。声音和屏幕也好清晰']",Wi-Fi 6未被任何用户提及，全部WiFi反馈均基于‘断流’‘连不上’‘满格无网速’等基础连接问题，无协议版本信息，故不予生成问答对。
是否支持eSIM？,根据已有信息，无法得出结论。提供的评论证据主要表达了用户对国货和华为的支持态度，并没有提到关于eSIM功能的具体信息。,"['挺好的，支持一下。', '支持国货，实在不行', '支持国产，支持华为…………', '一如既往的支持华为。', '我们应该支持国产.']",eSIM未被任何用户提及，所有SIM卡相关反馈均围绕‘插卡’‘卡槽’‘双卡’‘全网通’，无虚拟化卡支持证据，故不予生成问答对。
玩王者荣耀卡不卡？,根据已有证据，玩王者荣耀不卡。有多位用户反馈使用该产品玩王者荣耀时体验流畅，没有出现卡顿的情况。,"['不错，玩王者荣耀一点不卡', '打王者荣耀不卡，可以，棒棒哒。', '运行速度快，玩王者荣耀不卡，非常好用', '非常愉快的一次购物，打王者一点都不卡????', '挺好的，玩王者荣耀也不会卡，主要是买来给女儿用的，看影视画质算清晰的！']",用户反馈呈现明显两极：多数称‘玩王者荣耀不卡’‘特效全开不卡’‘全程30帧不掉帧’；但也有大量负面反馈称‘玩王者卡死’‘卡顿严重’‘方向键和技能同时按失灵’‘多点触控有问题’‘打王者不能多点触碰’。
发热严重吗？,根据已有证据，大部分用户反馈该产品存在发热严重的问题。有用户提到即使不进行大量操作也会发热，并且发热时运行速度会变慢。虽然有一位用户表示使用一天没有遇到发热问题，但综合来看，多数用户的体验表明这款产品确实存在较严重的发热情况。,"['现在价位入手还可以，就是发热有一点严重', '玩一下就发热严重，经常不操作别的也发热，后悔购买了。', '感觉不太行，容易发热，而且发热的时候运行变慢', '用了一天还可以不发热，清晰度可以', '**手机发热太厉害都不敢用，真怕用着用着炸了']",多位用户明确提及严重发热问题：‘不到半小时发烫到手不敢碰’‘充电时很烫’‘用一会儿就烫’‘发热太厉害不敢用’‘放着不用都发热’；另有用户称‘玩了好久也不发烫’‘发热不明显’，但负面反馈频次更高且描述更具体。
屏幕分辨率到底行不行？,根据已有信息，用户评论普遍反映屏幕分辨率存在问题，具体表现为“有点低”、“不是很高”、“太差”等。因此，可以总结出屏幕分辨率表现不佳。,"['屏幕分辨率有点低，', '屏幕分辨率不是很高', '屏幕分辨率太差', '不行，始终分辨率太差', '像素很差，屏幕分辨率也不行。']",分辨率是高频投诉点：大量用户直言‘分辨率太低’‘像素差得要死’‘画面全是颗粒’‘看不清字幕’‘连50万像素摄像头效果都不如’；虽有用户称‘2K屏幕很惊艳’‘画质细腻’，但负面评价在数量、细节（如‘颗粒感’‘模糊不清晰’‘看电视剧很不清晰’）上占绝对主导。
触控灵敏度怎么样？,根据已有信息，用户对于触控灵敏度的反馈存在分歧。部分用户认为触屏灵敏（证据1、证据3、证据5），而另一些用户则表示触摸屏不灵敏（证据2、证据4）。因此，关于触控灵敏度的问题，用户的体验并不一致。,"['外观工整，触屏灵敏整体画面不错', '触摸屏不灵敏', '触屏灵敏，屏幕清晰，东西不错，活动购买很合适。', '触屏不灵敏，买了用了半个月居然就卡到不行！！！果然一分钱一分货！！！！', '系统巡行流畅，触屏灵敏。']",触控问题集中爆发：‘触摸屏敏感度有进步空间’‘触屏不灵敏’‘点击无反应’‘触摸失灵’‘屏幕失灵乱跳’‘20天触摸失灵’‘间歇性失灵’‘贴保护套后触屏没反应’；亦有用户称‘触屏反应无障碍’‘触感灵敏’，但故障类反馈远超正常体验描述。
品控有没有明显瑕疵？,根据已有信息，多位用户反馈产品存在瑕疵问题。具体表现为指纹按键附近、边框等位置出现的瑕疵，并且这些瑕疵在某些情况下（如对着光）更为明显。因此，可以得出结论：该产品的品控确实存在明显的瑕疵问题。,"['产品有些瑕疵，刚发现，看图。', '用了两天后才看到指纹按键附近有点瑕疵，不知道是什么，擦不掉，不过要对着光才看到。', '明显是个次品还照样发货，给店家差评！', '边框有瑕疵～～～～不知道是不是翻新的', '第一次买华为，本想支持国货，没想到运气不好，遇到了“瑕疵品”？']",品控问题普遍：用户报告‘屏幕左上角外壳有碰伤’‘背面不平’‘外框出现裂纹’‘后盖有划痕’‘边缘不平’‘边角开裂’‘机身弯曲’‘屏幕有黑线/竖纹/坏点/阴影/白斑/漏光’‘包装盒被打开过’‘屏幕有指印/灰尘/胶痕’。
物流配送靠谱吗？,根据已有证据，物流配送是靠谱的。多位用户反馈物流速度快，配送员服务好。,"['产品很好，物流配送快', '物流快，配送员服务好，京东自营商品，值得信赖，质量有保证，退换无忧，喜欢。真心赞一个！', '物流速度快，质量还不错', '还不错 ，配送超快的', '配送员服务挺的，东西用着也不错']",物流评价两极分化：正面反馈强调‘下午下单晚上到’‘次日达’‘神速’；但负面反馈更密集：‘15号下单28号到’‘物流慢如蜗牛’‘配送错误连通知都不通知’‘不送货上门’‘送错地址’‘包裹胶带松动’‘箱子被撕开’‘快递员拒验货’‘派送员态度差’。
售后客服响应及时吗？,根据已有信息，大部分用户反馈售后客服响应不及时。有几位用户提到在咨询问题时，几天都没有得到回应（证据1、2、3、5）。虽然有一位用户表示客服态度不错（证据4），但综合来看，多数用户的体验显示售后客服的响应不够及时。,"['七天后就出现音频有问题 咨询售后没回应', '王八客服，问的问题，几天没人回答，售后有问题都不知找谁。这样的服务，应该会很快关门', '收到的膜是坏的，和客服说话没有人回应，服务跟不上', '质量可以，很不错，数度很快，特意用了才过来评价，不懂的问客服，客服态度很不错?，很好', '客服服务差，机子买回来用两天有问题咨询，客服直接是哑巴']",客服体验普遍负面：‘客服不回消息’‘电话打不通’‘踢皮球’‘推来推去’‘客服爱答不理’‘说好24小时回电未兑现’‘三个客服给了三种说法’‘客服直接关闭聊天’‘客服态度差’；仅少数用户称‘客服耐心周到’‘服务热情’。
系统运行流畅吗？,"根据已有用户评论证据，大多数用户认为系统运行流畅，没有卡顿现象。具体来说：

- 证据1提到“系统用的流畅，不卡顿”；
- 证据2指出“运行流畅”，虽然提到了系统不够智能的问题，但并未影响其流畅性；
- 证据3表示“比较流畅”；
- 证据4和证据5都明确表达了对系统流畅性的满意，分别说“运行速度很快，很流畅”以及“运行很流畅”。

综上所述，可以得出结论：系统运行是流畅的。","['用了一段时间，系统用的流畅，不卡顿，整体感觉不错？', '感觉非常好，没有发现什么问题。运行流畅，只是系统有一些不够智能！如果能完善一下系统就好了。', '还行，比较流畅，正在熟悉系统。', '非常好！运行速度很快，很流畅', '很满意，运行很流畅！赞赞赞']",系统流畅度争议最大：大量用户称‘系统流畅’‘运行快’‘不卡’‘速度飞快’；但更多用户抱怨‘系统极为垃圾’‘经常死机’‘闪退’‘自动重启’‘卡顿’‘反应迟钝’‘加载慢’‘后台程序多’‘预装软件占1G内存’‘系统优化差’。
音质外放效果如何？,根据已有用户评论，音质外放效果得到了积极的评价。有用户提到外放声音很好听（证据1），也有用户表示声音音质效果不错（证据2），并且特别指出声音外放比市面上几乎所有智能手机都要响亮（证据5）。综合来看，这款产品的音质外放效果似乎是令人满意的。,"['外观好看，外放声音很好听。', '刚到还行，声音音质效果也不错', '音质不错，也有质感，整体还可以吧。', '机器用下来还是很流畅的，音质播放效果不错', '十分满意，尤其是出色的本地视频，音频体验，用了将近三个月了，各个方面都很不错，声音外放比目前市面上的几乎所有智能手机都要响，哈哈，带上耳机的话效果也非常的好，不愧是哈慢炖音效......']",音质评价高度一致：绝大多数用户称赞‘音质超棒’‘立体声效果太好了’‘外放听歌看电影很舒服’‘声音大’‘音效一级棒’‘哈曼卡顿音效出色’；仅个别用户称‘扬声器没声音’‘声音小’‘音质一般般’。
有没有赠送耳机、膜、保护套？,根据已有信息，可以得出结论：该产品没有赠送耳机、膜和保护套。有多位用户反馈他们收到的产品中并没有这些赠品。,"['耳机保护膜保护套什么都没有被打击了', '没赠保护套和膜，真是的！', '通话平板竟然不带耳机，不送保护膜？', '自己选择的就不要什么，赠品无所谓，用着还可以，无所谓了为了百八十的不至于，没赠品没钢化膜，啥都没有，耳机也没有', '刚买一周，连耳机都没有。现在送一大堆这不是坑人吗？']",赠品缺失是最高频投诉：‘没有耳机’‘没有保护膜’‘没有保护套’‘什么都没送’‘赠品漏发’‘页面写有赠品但没收到’‘客服说赠完即止’‘赠品只有数据线’‘买了两个版本一个有耳机一个没有’；虽有用户称‘赠送耳机贴膜都很好’，但属少数个例。
充电速度和充电器质量怎样？,根据已有信息，用户对充电器的质量和充电速度的反馈普遍较为负面。关于充电速度，有用户反映充电非常慢（证据2、证据3）。至于充电器质量，一些用户提到充电器很快就坏了或者根本无法使用（证据1、证据4、证据5）。综合来看，该产品的充电速度较慢且充电器存在质量问题。,"['充电器这么快就坏了，才充几次电，质量真是太差了', '总体来说还行吧，就是充电超级慢，用的还超快、几个小时就充了百分之三十，半个小时就用玩了，比电量-谁与争锋？', '还行，运行速度不错，就是充电太慢', '充电器不充电，一点也不好。', '不行啊，充电器根本用不了']",充电问题突出：‘一个小时充1%’‘充5-6小时充不满’‘充12小时才满’‘充电器坏了’‘充电头很热’‘充电口插不进去’‘充电接口设计奇葩’‘充电器不是原装’‘充电线头有污迹’；正面反馈仅泛泛称‘充电快’‘充电感觉不快’。
Wi-Fi连接稳定吗？,根据已有信息，大部分用户反馈该设备的Wi-Fi连接并不稳定。有用户提到在相同信号强度下，相比其他品牌手机，这款手机的Wi-Fi接收性能较弱且不稳定（证据1）；还有用户直接指出Wi-Fi网络不稳定（证据2）；另外一位用户也表示Wi-Fi接收信号差，并且不如旧手机（证据3）；此外，也有用户遇到了Wi-Fi断网的问题（证据4）。虽然有一位用户认为Wi-Fi信号不错（证据5），但综合来看，多数用户的体验表明Wi-Fi连接存在稳定性问题。,"['无线wifi接收性能弱，同一信号强度，华为手机可联上，这个不稳定', 'Wifi网络不稳定，垃圾', '给妈妈买的，Wi-Fi接收信号好差，还不如旧手机,运行速度也慢', '不好，有的时候wifi会断网，有时会闪退？', '可以连wifi，信号不错啊']",Wi-Fi故障高发：‘连不上网’‘WiFi断流特别严重’‘WiFi不工作’‘WIFI性能很不好’‘信号满格但刷不开微信’‘连上WiFi几分钟接不上线’‘无法连WIFI’；亦有用户称‘连接无线网很好用’‘上网速度快’，但稳定性投诉远超正面评价。
通话功能是否可靠？,根据已有信息，关于通话功能的可靠性存在不同的反馈。一方面，有用户表示“系统流畅！通话清晰！”，说明他们的体验是正面的；但另一方面，也有用户遇到了问题，比如“通话功能不能用”、“通话质量不好”以及收到错误版本（非通话版）的问题，并且提到售后服务不佳。因此，基于这些评论，通话功能的可靠性似乎并不一致，部分用户满意而另一些则遇到了明显的问题。,"['有通话与无通话区别，指电话功能哦。其它性能一样一样滴。', '通话功能不能用，拿到还没用就发现有问题，第一次返修东西还是没修好，售后极差，拖的时间又长', '通话质量不好，网络信号更是超级不好，很失望', '要的是通话版，发过的不能通话。问了几天客服，也不给解决。太气人了', '系统流畅！通话清晰！机型漂亮！一切都好']",通话问题集中：‘通话有回音’‘打电话声音太小听不清’‘来电接不到也挂不掉’‘通话版不能正常通话’‘通话质量差’‘对方听不清’‘通话声音小’；虽有用户称‘通话可以不用耳机’，但功能性缺陷反馈频次与严重性均极高。
屏幕是否存在拖影或拖尾？,根据已有用户评论，关于屏幕是否存在拖影或拖尾的问题，用户的反馈不一。部分用户明确表示遇到了严重的屏幕拖影或拖尾问题（证据1、2、3），认为这影响了他们的使用体验；而另一些用户则提到没有发现明显的拖影现象（证据4）或者虽然存在但并不严重到影响正常使用（证据5）。因此，可以总结为该设备的屏幕可能存在拖影或拖尾的情况，但其严重程度及是否对所有用户造成困扰存在个体差异。,"['刚买的新机子，上百度搜个图片就出现了屏幕拖尾的情况，很不满意！', '实话实说，屏幕拖影非常严重！非常非常严重！！好在只是用来看视频，视频还能接受，屏幕色泽跟电脑差距好大', '拖影，平板自身素质问题，拖影很严重，严重影响使用，不要说什么专业术语，用户体验就是屏幕拖影', '屏幕就不用说了，2k-359ppi的细腻，显示色彩也不错，未发现网上说的拖影现象。', '拖影有，但是不严重，不影响使用。比想象中大，毕竟8.4寸。响应速度非常棒，950不是盖的。']",拖影问题被反复验证：‘屏幕拖影’‘弹幕拖影严重’‘存在拖影现象’‘拖尾明显’；亦有用户称‘未发现拖影’‘拖影问题不存在’，但负面反馈明确指向‘EMUI5.0下图片弹幕拖影’‘拖影很伤眼睛’，且非单一用户偶发。
机器是不是翻新机或二手货？,根据已有信息，无法得出结论。但有多位用户在评论中表示他们怀疑收到的手机可能是翻新机或二手货，主要基于待机时间短、机身有划痕、信号问题以及预装软件等问题。这些只是用户的个人感受和猜测，并不能作为确定机器是否为翻新机或二手货的确凿证据。如果您对购买的商品存在疑问，建议联系官方客服进行咨询。,"['是不是翻新的，待机时间特别短不好用，手机还特别轻', '这是不是二手的，机子上有划痕', '感觉像二手翻新机，信号不是满格，里面还有好多软件，**美团头条新闻等，以下图片可见，对京东都怀疑?', '手机真垃圾，我都觉得是翻新机', '感觉像翻新机，请谨慎购买']",翻新疑云广泛存在：‘里面还有别人下载的软件’‘有三月份拍的视频’‘有一月份拍的图像’‘盒子被打开过’‘屏幕保护膜已不见踪影’‘后盖保护膜揭开又贴回’‘有私人照片’‘充电插口有使用痕迹’‘生产日期与内部文件时间不符’；虽有用户确认‘全新未拆封’，但质疑声量巨大且细节具象。
屏幕贴膜难贴吗？,根据已有信息，可以得出结论：大部分用户反馈屏幕贴膜比较难贴。具体来说，有用户提到自己贴膜时觉得比较困难（证据2、3），也有用户表示贴膜效果不好看（证据3）。此外，还有一位用户遇到了屏幕弯曲导致钢化膜无法完全贴合的问题（证据5）。因此，综合来看，这款产品的屏幕贴膜确实存在一定的难度。,"['不咋好，显示不清楚，想贴膜的', '屏幕很大，开机比较惊喜。，自己买的膜，刚刚贴上比较难贴，因为屏幕太大了。因为平时都是用的五寸的手机。', '很不错，只是贴膜不能贴好吗？自己贴的实在是难看，毁了一张贴膜', '非常好用，屏幕清晰，哈曼卡顿好，就是保护膜难贴', '前天晚上收到货，今天去贴膜才发现屏幕是弯的，钢化膜总有个角贴不上']",贴膜体验普遍糟糕：‘贴了钢化膜惨不忍睹’‘换了软膜还是惨不忍睹’‘贴膜有气泡’‘膜比机子大一块’‘膜比屏幕小太多’‘自己贴毁了’‘贴膜尺寸不配套’；仅极个别用户未提此问题。
机身做工和质感如何？,根据已有信息，用户对机身做工和质感的反馈存在差异。一方面，有用户认为机器外观不错、做工精美且手感很好（证据2、4）。另一方面，也有用户表示收到的产品为塑料外壳，并非预期中的金属机身，对此感到不满（证据3）。综合来看，大多数用户的评价还是偏向正面的，但关于材质的问题需要注意。,"['机器性能如何？散热好么？配件质量如何？快把你的使用感受告诉大家吧！', '很不错的外观，功能也多，机身很薄很方便携带', '拿到手第一感觉就是塑料外壳，不是说是金属机身吗？感觉骗我', '不错，做工精美，很薄，手感很好。', '机子不不错、']",做工评价矛盾：正面反馈称‘做工精细’‘金属质感好’‘外观漂亮’；负面反馈则指‘塑料感强’‘后背不贴合’‘中空感’‘黑边感人’‘大黑边’‘仿金属条很掉价’‘做工粗糙’‘边角裂痕’‘边框超大’。
前置摄像头拍照效果咋样？,根据已有信息，用户对前置摄像头的评价不一。有用户认为前后摄像头像素高，照片清晰度高（证据1）。但也有较多负面反馈，比如感觉前摄像头像素没有达到预期，照片质量不好（证据2）；在光线充足的情况下，前置摄像头拍摄效果差，颜色偏蓝黑色，人像显得暗淡（证据3）；还有用户提到前置摄像头像素低，拍照模糊且存在黑点问题（证据4和证据5）。综上所述，该设备的前置摄像头拍照效果似乎并不理想，尤其是对于那些对摄像质量有一定要求的用户来说。,"['前后摄像头像素高，照片清晰度高。', '感觉前摄像头像素没有1300万，而且照片质量不好', '屋里的灯都开着，光线非常充足，但是前置摄像头的效果，就是那种蓝黑色的，暗暗的，人看着和鬼似的。买来其实就是为了个姥姥，和家里人方便视频的，结果就是这么个效果。运行流畅。反正不在乎摄像头的，可以考虑买，对于摄像有需求的，完全可以考虑其他的了，这个不适合你，买了就后悔。', '像素是硬伤，其他方面还行，前置才30万，拍照都是花的', '前摄像头的像素不够清晰，拍了照片会有各种黑点，问了客服人员说不是质量问题。']",前置摄像被普遍诟病：‘前置摄像头像素烂的要死’‘前置才30万，拍照都是花的’‘自拍模糊’‘前置摄像头无法对焦’；虽有用户称‘前置摄像头不错’，但负面评价在数量与细节（如‘像素低’‘模糊’‘花’）上占压倒性优势。
有没有发票？,根据已有信息，用户评论中多次提到没有收到发票。因此，可以得出结论：购买该商品后可能没有提供发票。,"['没有发票，赐买时确认有发票为什么没有？', '发票都没有，真不怎么样', '为什么没发票？我帮我同事买的，目前还行。。', '没有收到发票', '为什么没给我发票？为什么？']",发票问题高频出现：‘说好开发票没给我’‘没有发票’‘发票没寄’‘客服说给补发但没收到’‘问客服不回复’‘要求补发票客服敷衍’；仅少量用户称‘开了发票’或未提及。
屏幕边框宽不宽？,根据已有信息，证据 3 和 4 提到了屏幕边框的问题。证据 3 明确指出“机器屏幕边框超大”，而证据 4 则提到“边框有瑕疵”。综合来看，可以得出结论：这款产品的屏幕边框是比较宽的。,"['质量不错，屏幕要是宽一点就好，像一个大手机', '屏幕不是太好？', '机器屏幕边框超大，实际屏幕亮着的时候很丑，差劲，爹妈用，看到的时候退不了，郁闷，别买这个', '边框有瑕疵～～～～不知道是不是翻新的', '屏幕不清楚，分辨率太低']",黑边/边框是核心槽点：‘黑边比较大’‘屏幕边框超大’‘大黑边’‘黑边感人’‘边框宽’‘视觉边框很宽’；正面反馈仅泛泛称‘边框窄’，而具体尺寸批评（如‘黑边大’‘边框宽’）在评论中高频复现。
有没有出现自动关机或黑屏？,"根据已有证据，确实有用户反馈遇到了自动关机或黑屏的问题。具体表现为：

- 有些用户提到设备会突然黑屏，需要重新开屏才能继续使用。
- 也有用户表示设备不小心被碰到后会出现黑屏的情况。
- 还有用户报告说他们的设备在使用一段时间后会自动关机。
- 另外一些用户则指出设备会自己黑屏，但轻按电源键可以恢复正常。
- 最后一位用户提到即使尝试了客服建议的方法（如取下皮套、恢复出厂设置）之后，问题仍然存在。

综上所述，从这些评论来看，该产品似乎存在自动关机和/或黑屏的现象。","['看着看着有时会黑屏，还得再开屏。真烦死了。', '不小心碰一下就黑屏了', '用了一段时间老是自动关机！', '使用起来还行，就是有时候自己会黑屏，轻按一下电源键有好了。', '买了不到一个月平板就开始自动黑屏，动不动就黑，任何时间地点都会黑，客服让我取下皮套，让我恢复出厂设置，我都试了，可仍然自动黑屏。']",自动关机与黑屏故障常见：‘自己会自己关机自己开机’‘看视频时突然黑屏’‘无缘无故屏幕发暗然后黑屏’‘黑屏十几分钟都打不开’‘白屏’‘开不了机’‘屏幕无显示’；亦有用户称‘一切正常’，但故障类描述频次与细节丰富度更高。
系统更新后会不会出问题？,根据已有信息，大部分用户在系统更新后没有遇到问题，并且设备运行流畅。例如，证据1提到“更新后就没问题了”，证据4也表示“开机更新系统后 很流畅 不错”。但是也有用户反馈在更新前或更新后遇到了软件无法使用的情况（见证据1和证据5）。因此，大多数情况下系统更新后不会出现问题，但也不能完全排除个例中可能出现的问题。,"['用了很久才来评价，一切都好～开始系统没有更新时候好多软件都不能用，更新后就没问题了', '设备使用没有出现问题，目前还在使用中，希望以后不会有问题', '拿回来还要更新一个小时的系统，麻烦死了。', '货到的很快 开机更新系统后 很流畅 不错。', '打开包装发现有划痕，再用了一天发现系统很卡而且一些软件装上无法使用，又不给退换。严重怀疑是翻新机!!']",系统升级伴随风险：‘更新后试用不错’但亦有‘升级后WiFi连不上’‘升级后变卡’‘升级后出现闪退’‘升级两次后问题更多’‘系统更新导致问题’；更有用户指出‘华为中心开着还卡’‘系统自带软件自动运行占内存’。
是否支持双卡双待？,根据已有信息，该产品虽然被描述为支持双卡双待，但实际上存在限制。具体来说，多位用户反馈指出，当使用双SIM卡时，则无法同时使用内存卡扩展功能（SD卡）。因此，严格意义上的双卡双待与额外的存储扩展不能同时实现。所以，这款设备并不完全符合传统意义上的“双卡双待”定义，在使用上有所妥协。,"['质量不怎么好，说的是双卡双待实际上是只能带一个卡', '不实在，少一个卡槽，双卡双待就不能扩展存储', '64g,8寸，为什么不做成双卡双待。页面介绍也不清楚。', 'sd卡和sim卡2只能装一个？那叫什么双卡双待？和我理解的不一样', '说是双卡双待，支持内存卡扩展128g，到手才发现双卡双待的话就没法用内存卡了，其次作为手机的话太大了！']",卡槽设计引发强烈不满：‘卡二只能用2G网络’‘双卡双待形同虚设’‘SD卡和手机卡二选一’‘三选二卡槽’‘不支持全网通’‘移动全网通但收不到联通信号’；正面反馈仅称‘可插卡通话’，未解决兼容性痛点。
游戏体验整体如何？,根据已有用户评论，游戏体验整体上是积极的。多数用户表示玩游戏时设备表现流畅（证据2），并且有用户特别提到这是他们第一次体验到游戏加载速度如此之快的情况（证据2）。此外，还有反馈指出使用该设备玩游戏“很溜”、“很爽”，表明游戏运行顺畅且用户体验良好（证据3、证据5）。不过，也有用户提到虽然打游戏还行但像素一般（证据4），这可能意味着在图像质量方面存在一定的局限性。综上所述，大多数用户对游戏体验感到满意，但在画质上有改进空间。,"['整体还是比较满意 听音乐看电影玩游戏效果都不错', '很好，很不错，相当流畅，第一次感受到了游戏第一个加载完的感觉。', '东西很好 玩游戏很溜 很好用 总体不错 值得拥有', '整体感觉满意，查验了是正品，打游戏还凑合，像素一般，待机也可以', '还不错，大屏看电影或者打游戏都很爽']",游戏体验分化严重：正面反馈‘玩王者不卡’‘玩游戏不卡’‘打游戏爽’；但负面反馈更密集：‘玩大型网游带不动’‘玩游戏卡’‘玩连连看都卡’‘玩游戏卡死’‘玩梦幻西游虚拟键盘不消失’‘玩俄罗斯方块音量键失效’。
屏幕亮度够不够？,根据已有信息，大部分用户反馈屏幕亮度不够亮，只有少数用户认为屏幕效果不错。因此，可以总结为：大多数情况下，屏幕亮度可能不够满足需求。,"['屏幕亮度不够亮，其他还好啊', '屏幕分辨率超级低，看个电视亮度都不够用。', '不算好，屏幕亮度不够，给父母的，凑合着用吧', '屏幕不是太好？', '屏幕够大，效果不错！']",亮度不足被多次指出：‘屏幕亮度不够用’‘看视频亮度都不够用’‘阳光下反光厉害’‘屏幕发暗’‘屏幕有点镜面感’；正面反馈仅称‘屏幕很亮’‘色彩鲜艳’，未直接回应低亮度场景。
机身重量和便携性如何？,根据已有信息，可以得出这款机器的机身很薄（证据1），大小适中且便于出差携带（证据2）。因此，从这些评论来看，该产品的便携性较好。但是具体的机身重量没有被提及。,"['很不错的外观，功能也多，机身很薄很方便携带', '大小适中，便于出差携带，速度快不卡顿，还可以扩展', '机器性能如何？散热好么？配件质量如何？快把你的使用感受告诉大家吧！', '很好的机器，使用方便，性价比高', '不带，机子质量蛮好']",重量评价两极：‘有点重’‘分量足’‘拿着手酸’‘单手持握费劲’‘太大拿久了手酸累’；亦有用户称‘很轻’‘轻薄’‘携带方便’，但负向体感（如‘重’‘手酸’）在具体描述中占比更高。
有没有出现闪退或应用崩溃？,"根据已有证据，确实有多位用户反馈了应用闪退或崩溃的问题。具体来说：

- 有用户表示安装的应用总是闪退，并询问如何处理（证据1）。
- 另一位用户提到手机反应一般，有时卡顿，并且经常出现闪退的情况（证据2）。
- 还有用户指出该手机存在经常闪退、无响应的问题，认为这是个大问题，几乎影响正常使用（证据3）。
- 也有用户在玩游戏时遇到了闪退现象（证据4）。
- 最后一位用户提到了频繁的闪屏问题，虽然这可能与闪退有所区别，但同样反映了设备稳定性方面存在的不足（证据5）。

综上所述，可以确认这款手机存在闪退或应用崩溃的现象。","['为什么安装的应用总是闪退？？？怎么处理，到底手机有什么问题？', '手机反应一般，有事卡顿，目前还出现经常闪退，无语了！', '缺点经常闪退没响应，cpu和gpu忒差，高端游戏卡。优点屏幕清晰度高，音效好。其中闪退是个大问题，几乎没法用。自家的处理器是硬伤。没办法。', '真的感觉上当了 玩游戏为什么会闪退啊 充电满正常 耗电怎么那么快 真的需要改进', '不好用，经常闪屏，本来要退，可惜找不到原包装盒了，很郁闷']",闪退问题突出：‘有时候会闪退’‘QQ视频闪退’‘乐视视频闪退’‘微信视频闪退’‘应用闪退’‘APP打开就卡死’；正面反馈仅泛泛称‘系统稳定’，而崩溃类描述具象且高频。
屏幕色彩还原准不准？,根据已有信息，可以得出结论：屏幕的色彩还原不准确。有用户明确提到“色彩还原很差”。,"['清晰度不高，色彩还原很差不知道好评是哪硖', '屏幕不清楚，分辨率太低', '不好，反应慢，屏幕不清晰', '屏显不清楚 很模糊', '屏幕像素低，不怎么清晰，后悔买了']",色彩失真被明确指出：‘色彩严重失真’‘颜色有点不对很晕’‘屏幕色彩不如iPad’‘屏幕发白发污’；正面反馈称‘色彩鲜艳’‘色泽艳丽’，但失真类反馈提供了具体对比（如‘跟iPad差距’‘发白’）。
有没有出现死机或无法开机？,根据已有证据，确实有用户反馈出现了死机或无法开机的情况。具体表现为设备在使用过程中频繁死机、自动重启以及无法正常启动。,"['不到一个月频繁死机，开不了机', '不好，会死机??有时会自己重启', '经常死机，经常死机', '死过机，关不了也用不了', '卡死了，还经常死机']",死机与无法开机高频出现：‘开不了机’‘充不了电开不了机’‘系统优化后开不了机’‘死机三次’‘蓝屏一次’‘系统崩溃’‘启动不了’；正面反馈仅称‘开机快’‘运行稳定’，未覆盖硬件级故障。
屏幕是否容易碎？,根据已有证据，多位用户反馈该手机的屏幕容易碎。有用户提到“是用过所有手机中，屏幕最容易碎的一款”，还有用户表示买了没几天内屏就碎了，并且在使用过程中也出现了屏幕碎裂的情况。因此，可以认为这款手机的屏幕确实比较容易碎。建议购买时考虑额外的保护措施或碎屏险。,"['是用过所有手机中，屏幕最容易碎的一款！！觉得自己完全不会掉的可以买，否则还是算了！！小手轻轻抖一抖，换屏599！！！！', '屏幕不是太好？', '买了没几天内屏就碎了，还不保修，特后悔。', '买来用了两个月才来评价，用起来挺顺手，玩游戏看电影一点也不卡，就是屏大容易碎，建议买个意外碎屏险。', '屏幕碎了，真心疼，我还以为是钢化膜碎了，揭开之后才发现是屏幕碎了，真的是屏幕碎了，华为屏幕这么垃圾。']",碎屏风险被反复警示：‘摔一下屏幕就碎了’‘屏幕易碎’‘没摔过但屏幕碎了’‘建议买意外碎屏险’‘屏幕脆弱’；正面反馈仅称‘屏幕结实’，但碎屏案例（含‘摔一次就碎’‘没摔也碎’）细节更丰富。
有没有出现喇叭无声或音量小？,"根据已有证据，多位用户反馈了喇叭音量小的问题。具体来说：

- 有用户表示“扬声器，声音太小”（证据1）。
- 另一位用户也提到“声音太小了！”（证据2）。
- 还有用户说“声音低的听不见”（证据3），这表明音量非常小以至于难以听见。
- 有用户指出“喇叭有问题”（证据4），虽然没有明确说明是无声还是音量小，但结合其他用户的评论，可以推测可能是音量问题。
- 最后一位用户提到“没买多久，喇叭坏了”（证据5），这里提到了喇叭损坏的情况，但没有具体说明是否完全无声。

综上所述，确实存在喇叭音量小的问题，并且有一位用户提到喇叭坏了，但没有明确说明是否完全无声。","['扬声器，声音太小，小，小？', '声音太小了！', '什么东西，声音低的听不见，有质量问题～～～～', '喇叭有问题，懒得换了', '没买多久，喇叭坏了']",音频输出故障常见：‘一个扬声器没声音’‘喇叭接触不良没声音’‘声音小’‘听筒声音特小’‘外放条变形’‘音量键失灵’；正面反馈集中于‘音质好’‘声音大’，但功能失效类反馈更具操作指导性。
系统广告和预装软件多不多？,根据已有信息，用户对这台平板的预装软件数量有不同的看法。一些用户认为预装软件较多（证据1、2、5），而另一位用户则表示没有什么预装绑定的软件（证据4）。关于系统广告的问题，有用户提到广告太多且无法关闭（证据3）。综上所述，部分用户反馈预装软件较多以及存在较多难以关闭的广告问题。,"['还好吧，包装结实，就是软件太多了', '总体还是不错的!就是预装软件有点多!速度也可以性价比还是比较好', '二，应用，安卓的软件开放性很大，下载很方便，正因如此，有的软件不是正规的，可能有毒，还存在流氓软件，还有一点应该是广告太多，没法关闭，有点恶心。', '还不错，给我妈玩刚好，够大，没什么预装绑定的软件，很满意', '这台平板，预装软件太多，还无法刷机，容易中毒。我都郁闷死了！']",广告与预装问题突出：‘预装软件太多’‘系统自带软件自动运行’‘广告太多没法关闭’‘浏览器过滤广告371条’‘软件开放性大但有流氓软件’；正面反馈未否认此现象，仅称‘自带软件可删除’。
有没有出现触屏误触或乱跳？,根据已有信息，可以得出结论：有用户反馈出现了触屏乱跳的情况。例如，证据3中提到“买回来两天屏幕触摸就不灵，点不动而且还乱跳，不按自己都乱跳”。此外，其他几条证据也提到了触屏反应迟钝、失灵等问题，但具体描述为“乱跳”的情况主要出现在证据3中。,"['触屏有问题，按着屏幕图标拖一会儿，就会失灵，玩王者荣耀，方向控制轮 盘，控制一会也会失灵', '反应速度超慢，而且触屏有时候点击没反应', '垃圾东西，买回来两天屏幕触摸就不灵，点不动而且还乱跳，不按自己都乱跳', '触屏很不好用，总是自动回撤，有时还没反应。特讨厌。', '手机触屏不好，要去滑几次才打开手机，失望了']",误触问题明确：‘屏幕会自己动’‘正在看视频时自己放歌’‘触屏乱跳’‘屏幕自己点击’‘下拉时自己点击’；正面反馈仅称‘触屏灵敏’，而异常行为类描述更具体可信。
屏幕可视角度好不好？,根据已有信息，无法得出结论。提供的评论中没有提到关于屏幕可视角度的具体信息。,"['屏幕不是太好？', '屏幕亮度不够亮，其他还好啊', '可以，非常给力就是屏幕分辨率低了一点，其他很好！', '屏幕够大，效果不错！', '很好，反应速度可以，屏幕清晰度高']",可视角度获肯定：‘可视角度广’‘侧面看也不偏色’；但该维度反馈极少，未见负面评价，属少数共识点。
有没有出现信号弱或无信号？,根据已有证据，确实有多位用户反馈了信号弱或无信号的问题。具体表现为WLAN信号时有时无、信号差、经常没有信号以及网络信号太差导致无法正常上网等情况。,"['不好，wlan信号时有时无！', '信号差！！！', '用了两天，经常没有信号，别人打电话也打不进', '信号太差基本只有2格', '网络信号太差劲了，经常没有网络上网，卡得要死，还不如我的三星呢']",信号问题严重：‘信号非常差’‘靠着信号塔信号也难超两格’‘4G信号马马虎虎’‘县城就没有信号’‘信号满格但打不出电话’；正面反馈仅称‘信号非常好’，但故障类描述更具场景细节。
系统动画和操作跟手吗？,根据已有信息，无法得出结论。用户评论中并没有直接提到系统动画和操作跟手的具体情况。不过，有几条评论提到了操作系统的流畅性和反应速度（证据2和证据4），这可能间接表明操作体验是不错的，但这些评论没有具体描述系统动画的表现。,"['手感可以，自带太多系统', '运行速度比较顺畅，操作也能上手。', '画面不清晰，跟手机没区别', '操作系统流畅，反应快，携带方便，配置齐全，自己喜欢，', '手感不错，老婆看视频练瑜伽，儿子看优酷动画片。']",动画流畅度存疑：‘返回键占用屏幕一行看起来不舒服’‘home键不可按设计反人类’‘虚拟导航键讨厌’‘退出当前界面要等很久’；正面反馈称‘操作流畅’，但交互设计缺陷被多次具象指出。
有没有出现电池异常耗电？,根据已有信息，可以得出结论：有多位用户反馈了电池异常耗电的问题。具体表现为即使在待机状态下，一夜之间电量也会减少百分之十几（证据1），或者充满电后手机无法撑过一整天（证据4）。还有用户提到使用几个月后，电池性能明显下降，一天待机状态会消耗20%的电量（证据5）。因此，从这些评论来看，确实存在电池异常耗电的情况。,"['电池不耐用，放一晚上电量减少百分之十几，不满意。', '一般般，电池不怎么滴', '电池不行，反应问题商家也不管，还说是正常', '刚买不到十天 哎呀我的天 电池就撑不了一天了 手机也开始变卡 还总有一个小红灯一直在闪 满的电也是 就开始变坏了???', '买的时候感觉不错，现在用了几个月电池竟然就不行了，待机一天会少了20%的电']",耗电异常高频：‘放一晚上掉电20%’‘不用也掉电’‘充满电放盒里一分钟就关机’‘待机耗电比苹果快’；正面反馈称‘电池耐用’‘省电’，但异常耗电案例（如‘不用也掉电’）更具警示性。
屏幕是否有坏点或亮点？,根据已有信息，可以确认有一位用户提到屏幕有一个坏点。其他用户的评论中没有具体提到坏点或亮点的问题，但指出了屏幕存在其他方面的问题。因此，可以说至少存在一个案例表明屏幕有坏点。,"['屏幕有一个坏点。。。。唉！！！', '屏幕不是太好？', '屏幕亮度不够亮，其他还好啊', '屏幕效果太差。', '屏有点问题。']",坏点/亮点被实名举报：‘屏幕左下边缘一直有亮点’‘检测结果有坏点’‘屏幕里边有脏东西擦不干净’‘屏幕有黑点’‘屏幕内有白色点’；正面反馈未提此问题，而缺陷类反馈提供位置（‘左下’‘右上’）与状态（‘擦不净’）。
有没有出现USB或充电接口接触不良？,"根据已有证据，确实有用户反馈了USB或充电接口接触不良的问题。具体来说：

- 证据1和证据5都提到在使用一段时间后（半个月到一个月），出现了充电插口接触不良的情况。
- 证据2也提到了充电插孔接触不良，并且对客服的态度表示不满。
- 证据3指出USB充电接口线插进去特别松，这也可以被视为一种接触不良的表现。
- 证据4虽然主要抱怨的是充电器的质量问题，但其中提到的“充电器接口太烂”也可能暗示存在接触不良的问题。

综上所述，有多位用户遇到了USB或充电接口接触不良的问题。","['买回来半个月，充电插口就接触不良了', '充电插孔接触不良，问客服没人管，态度不行', '反应比较快，电量也比较耐用，唯一不足的就是我的usb充电接口线插进去特别的松！', '充电器接口太烂，充电器连接线坏了，总之太差了！！！！！！差差差', '用了不到一个月充电插口坏了']",接口问题具体：‘充电口插不进去’‘充电插口有使用痕迹’‘卡槽晃动’‘USB转接线不识别’‘OTG模式下不能充电’；正面反馈未涉及接口可靠性，而故障类描述直指物理连接。
屏幕是否支持高刷新率或高帧率视频？,根据已有信息，无法得出结论。提供的证据中没有提到关于屏幕刷新率或支持高帧率视频的具体信息。,"['屏幕分辨率不是很高', '都说像素低，其实还好，看视频清晰度不逊于高端平板。', '系统很流畅，屏幕显示高清，', '可以，非常给力就是屏幕分辨率低了一点，其他很好！', '分辨率很低，看新闻有的图片看不清，机子很重，单手拿一会儿就累，播放高清视频会卡']",该维度无直接反馈，所有视频体验均围绕‘清晰度’‘卡顿’‘拖影’展开，未提及刷新率参数或高帧率适配能力。
有没有出现指纹识别失灵？,根据已有信息，有用户反馈出现了指纹识别失灵的情况。具体来说，证据2提到“指纹识别不太灵敏啊，每次都得按几次”，证据3直接说“指纹不能用”，而证据4也指出“指纹识别不管用”。但也有证据5表示“指纹解锁很灵敏”。因此，可以总结为部分用户遇到了指纹识别不灵敏或无法使用的问题。,"['这个手机除了指纹识别以外，一点都不好，而且和老年机一样，', '用了一段时间，感觉还可以，不过指纹识别不太灵敏啊，每次都得按几次', '很差，指纹不能用', '指纹识别不管用，耳机听不清，触屏敏感，这一星我给快递吧。', '指纹解锁很灵敏，不玩游戏，办公用，非常流畅。']",指纹功能故障：‘指纹解锁不灵敏’‘验证失败’‘指纹按键附近有擦不掉的瑕疵’；正面反馈称‘指纹解锁超快’‘一触即开’，但失灵类反馈明确指向识别精度。
系统是否支持深度定制或Root？,根据已有信息，该手机系统不支持Root。有用户提到尝试使用360root等软件删除系统自带的应用程序时被告知Root后将失去保修服务（证据2）。此外，还有用户表达了希望手机能够支持Root的愿望（证据3），这进一步说明当前系统并不支持Root操作。因此，可以得出结论：该手机系统不支持深度定制或Root。,"['大小是想要的 系统要定时清理', '还要包流量，想用360root等软件把这些系统软件全删了，却说root以后不能保修了，真让我够火的，让我觉 得我花1100多块钱只是租用这手机，不是买，是租，租了还不自由，我还不能自由管理它，还要天天花钱买流量供给这些系统软件吃。否则用都用不到！这些软件没流量吃会死一样，而这些系统软件一联网就卡的动不了', '内置软件太多太多，并且无法root,刚开机就占掉超过一半的内存，垃圾。快点可以root吧。处理器也只有8核1.5G，并非8核2G。', '系统极为垃圾，各种不方便，甚至不能按应用决定联网权限，负分', '系统自动的远程协助app经常因为没有权限访问麦克风而无法呼通， 需要重启才行。']",该维度无直接反馈，仅提及‘想自己刷机’‘系统限制联网权限’‘预装软件不能卸载’，未涉及Root可行性或定制ROM生态。
有没有出现蓝牙连接不稳定？,"根据已有信息，用户评论中提到的问题主要集中在蓝牙无法连接或搜不到设备上，而不是蓝牙连接不稳定。具体来说：

- 有用户表示蓝牙不能连接（证据1）。
- 有用户提到蓝牙与车载系统不兼容（证据2）。
- 有用户说蓝牙搜不到设备（证据3）。
- 还有用户反馈蓝牙开关打不开（证据4）。

因此，根据这些评论，问题更多是关于蓝牙功能的完全失效或兼容性问题，而不是连接不稳定。","['蓝牙不能连接，质量控制还是不行啊', '蓝牙做得很差,和车载不兼容.连烂到掉渣的天语都没这问题.等了一个月多,更新了B013一样不兼容.', '蓝牙不可以用就是搜不到，气死了，分辨率确实不高，要是有钱，就买苹果了。', 'WIFI，蓝牙开关都打不开，发给了我知道次品。真失败。', '之前在京东买了个小蜜蜂，挂绳的地方一个月不到就断了，蓝牙耳机也没多久都出现问题。想着不值几个钱，没啥大碍就没有说啥。现在想想以后一定要学会维护自己的利益。']",蓝牙问题未被单独提及，所有无线问题均聚焦Wi-Fi，无用户报告蓝牙配对失败、断连或传输异常。
屏幕是否支持HDR或广色域？,根据已有信息，无法得出结论。在提供的用户评论证据中，并没有提到关于屏幕是否支持HDR或广色域的具体信息。,"['从专业来讲，屏的分辨率足够高，肉眼已经无法区分像素格子；另外画质上看不出明显的mura、亮点等不良（要在低灰阶画面下看）；硬件上还是很不错的。', '可以，非常给力就是屏幕分辨率低了一点，其他很好！', '要求不高可以。就系手机放大版。音质可以。屏显有点暗。大黑边。', '屏幕分辨率不是很高', '支持WiFi，但不支持手机4G。用着还挺流畅，但打开照片时会有些延迟，由模糊到清晰']",该维度无直接反馈，所有色彩评价均围绕‘鲜艳’‘失真’‘发白’等主观感知，未出现HDR、P3色域等技术术语。
有没有出现GPS定位不准？,根据已有信息，有用户反馈该平板的GPS定位存在问题。具体来说，证据4中提到“GPS收星就是个渣”，并且表示需要很长时间才能接收到信号；证据5也指出在导航时GPS信号不太好。因此，可以得出结论：确实存在GPS定位不准的情况。,"['Wifi网络不稳定，垃圾', '不好，wlan信号时有时无！', '分辨度高，2k的，再就是它的音效牛，还支持GPS定位，实用度挺高的，指纹解锁灵敏度快', '平板还可以，但是GPS收星就是个渣，渣渣渣，为的就是GPS才买的，收星要一个晚上吗？？，真想退货了，可惜儿子喜欢，', '整体还可以，音效好，声音挺大的，就是导航时GPS信号不太好']",GPS问题未被单独提及，所有定位相关反馈均融入‘导航仪用’‘地图APP适配差’等泛化描述，无用户报告定位漂移、搜星慢或精度误差。
有没有出现麦克风拾音差？,根据已有信息，无法得出结论。在提供的评论证据中，并没有直接提到麦克风拾音效果差的问题。用户反馈主要集中在听筒有杂音、声音小、音质差以及回音大等方面。,"['差，很差，特别差，用了一个月不到就出问题了，听筒有杂音，看电影和听歌特别明显！', '差评，音量开到最大，房间有点声音就听不清晰，略质的垃圾', '差评，买的时候问的带内置听筒，结果买来了不带，而已打电话回音比说话声还大，必须差评？', '什么东西，声音低的听不见，有质量问题～～～～', '感觉很卡，适度，不够快，最不好的事，因子，声音，音质太差了']",麦克风问题明确：‘通话声音小’‘微信视频有回声’‘录像音质差’‘录音像拖拉机’；正面反馈未提录音质量，而故障类反馈提供具体场景（‘微信’‘录像’）。
屏幕是否支持DC调光或低蓝光模式？,根据已有信息，无法得出结论。提供的证据中没有提到关于DC调光或低蓝光模式的信息。,"['可以，非常给力就是屏幕分辨率低了一点，其他很好！', '还好吧，像素低，屏幕滑动看起来眼花', '从专业来讲，屏的分辨率足够高，肉眼已经无法区分像素格子；另外画质上看不出明显的mura、亮点等不良（要在低灰阶画面下看）；硬件上还是很不错的。', '屏幕分辨率有点低，', '屏幕效果太差。']",该维度无直接反馈，所有护眼相关描述仅提及‘护眼模式’‘开启后弹幕拖影’，未涉及DC调光、TÜV认证或蓝光衰减参数。
有没有出现NFC功能失效？,根据已有信息，无法得出结论。在提供的用户评论证据中，并没有提到关于NFC功能的信息。,"['支持WiFi，但不支持手机4G。用着还挺流畅，但打开照片时会有些延迟，由模糊到清晰', '说不卡的都是，自己体会，好多功能都没有双击唤醒屏幕，等等，又卡，哎！上当了', '不好，有的时候wifi会断网，有时会闪退？', '不好，wlan信号时有时无！', 'WIFI性能很不好，非常不稳定，说好的发票呢，影子都没见到']",NFC问题未被单独提及，所有近场通信反馈均融入‘支付不便’‘门禁卡模拟失败’等泛化描述，无用户报告NFC开关无效或读取失败。
有没有出现陀螺仪或传感器失灵？,根据已有信息，无法得出结论。提供的证据中没有提到陀螺仪或传感器失灵的问题，主要集中在屏幕触控失灵和外观问题上。,"['卡炸了，有时还失灵', '触屏有问题，按着屏幕图标拖一会儿，就会失灵，玩王者荣耀，方向控制轮 盘，控制一会也会失灵', '还行吧，感觉接触不是太灵', '屏幕老是失灵', '机器被别人动过！屏幕上有指印！有划痕！！！！！！！']",传感器问题未被单独提及，所有运动相关反馈均融入‘横屏不顺’‘游戏操控差’等泛化描述，无用户报告陀螺仪校准失败或方向感应异常。
有没有出现Type-C接口正反插识别问题？,根据已有信息，无法得出结论。提供的证据中没有提到关于Type-C接口正反插识别的具体问题。,"['你们自己看图？我真的不懂，为什么明明没有USB接口非得写成这样，害得我才买了一个USB键盘，然后客服就是不给说法和处理方法。再说到磕碰问题，就开始推责任踢皮球！我要的是处理解决方案！拜托！拜托？华为！京东！！！', '只能使用配置的Type-C线进行充电而无法读写数据比如通讯录，部分功能隐藏且难以使用。', '充电接口的设计是个奇葩，细细一个扁头，我儿子用一个月不到就插坏了，现在等着找时间去送修，真想问问这个接口充电接口是哪个13工程师设计的？', '充电插孔接触不良，问客服没人管，态度不行', '唯一美中不足就是不是Type-C接口，2K屏，金属机身，支持扩展卡，运行流畅，指纹识别，GPS...该有的都有了，看电影玩游戏都没问题，包装也很精美，新出厂，值得入手']",该维度无直接反馈，所有接口描述均指向‘充电口设计奇葩’‘插头不对’‘Micro USB’，未出现Type-C正反插或协议兼容性问题。
