user_input,reference
这台平板屏幕长时间看刺眼吗？,根据用户反馈，屏幕显示清晰并具备护眼模式，但部分用户反映屏幕反光严重、阳光下表现差、看1分钟就眼睛刺痛或晕眼，也有用户称护眼模式下存在弹幕拖影伤眼问题。
玩游戏卡不卡？特别是王者荣耀这类大型游戏,用户反馈呈现明显两极：有称‘玩王者荣耀全程30帧不掉帧’‘特效全开不卡’；也有大量反馈‘玩王者卡顿’‘方向键和技能同时按失灵’‘打农药卡’‘不能多点触控’‘加载慢’，甚至出现‘闪退’‘死机’等严重问题。
电池续航到底怎么样？能撑一整天吗？,续航评价差异显著：有用户称‘充满电能看7小时视频’‘待机一天只掉20%电’；但更多反馈‘看视频3-4小时就没电’‘充一天一夜仍充不满’‘玩两小时自动关机’‘不用也掉电’，还有用户实测‘开机10小时后只剩14%电’。
充电速度慢不慢？有没有快充功能？,多数用户明确指出‘不支持快充’‘充电很慢’，具体表现为‘充一小时只充1%’‘充5-6小时才满’‘充三个半小时才充满’‘充12小时才满’；另有用户抱怨‘充电器插不进去’‘充电口设计奇葩易损坏’‘充电时无法使用’。
发热严重吗？夏天用会不会烫手？,发热问题被高频提及：有用户称‘玩半小时就发烫到手不敢碰’‘充电时烫到想丢掉’‘散热超级不好’；亦有用户表示‘运行久也不发烫’‘发热不明显’；另有反馈‘放着不用都发热’‘刚买半天就发烫’，客服回应称‘请勿高温下使用’引发用户强烈不满。
屏幕分辨率真实吗？是不是宣传夸大了？,分辨率负面反馈极为集中：大量用户直指‘分辨率太低’‘像素差’‘颗粒感强’‘画面模糊’‘不如500元手机’‘连iPad mini都不如’；有用户对比称‘同张照片完全看不清’‘看电子书字体小且不可调’；仅少数用户认可‘2K屏细腻’‘显示清晰’。
触摸屏灵敏度如何？有没有失灵或延迟？,触控问题频发：包括‘触摸失灵’‘点击无反应’‘触屏不灵敏’‘拖影严重’‘手指按压无响应’‘间歇性失灵’‘划屏不好用’‘点几下才响应’；有用户称‘20天后触摸失灵’‘不到一个月完全失灵’‘贴保护套后触屏失效’，亦有用户表示‘触屏灵敏’‘反应快’。
品控靠谱吗？有没有收到翻新机或二手货？,品控质疑广泛存在：用户发现‘屏幕有他人视频/照片/微信记录’‘包装被拆过’‘充电口有插拔痕迹’‘后盖有划痕/污迹’‘机身弯曲/开裂/掉漆’‘屏幕有坏点/黑线/白光/阴影’‘盒内落灰/有指印’，怀疑‘是别人退货的机子’‘翻新机’‘二手机’，京东与华为客服对此多推诿或不予承认。
物流和包装怎么样？快递会弄坏机器吗？,物流与包装差评密集：‘包装简陋’‘仅纸盒无泡沫/气囊/填充物’‘盒子晃荡’‘外包装破损’‘胶带松动可见内部’‘箱子撕开’‘塑料袋包着发货’；物流则被批‘派送员拒验货’‘不送货上门’‘配送错误’‘超时未达’‘信息不更新’，仅少数用户称赞‘次日达’‘神速’。
耳机孔和充电口质量行不行？容易坏吗？,接口故障高发：‘第一个耳机孔坏’‘插耳机不能用’‘充电接口插不进’‘充电头有划痕’‘充电线插进去难’‘充电器充几次就坏’‘充电插口有使用痕迹’‘充电时接触不良一闪一闪’，有用户直言‘充电接口是13工程师设计的’。
系统流畅度如何？用久了会不会越来越卡？,流畅度分歧明显：正面评价有‘系统流畅’‘运行飞快’‘安兔兔跑分12万’；负面反馈则称‘越用越卡’‘装完软件只剩700M内存’‘后台占1G内存’‘反应迟钝’‘经常死机’‘自动重启’‘系统优化差’，甚至有用户称‘没装软件就卡’。
音质和外放效果到底好不好？,音效评价两极分化：大量用户盛赞‘音质超棒’‘立体声效果好’‘外放听歌看电影舒服’‘哈曼卡顿音效惊艳’；但亦有反馈‘扬声器没声音’‘一个喇叭不响’‘音量小’‘声音小到听不清’‘音质一般般’‘有电流声’‘嘶嘶声’。
有没有赠品？说好的钢化膜、保护套、耳机到底给不给？,赠品缺失是最大槽点之一：用户普遍抱怨‘什么都没送’‘只有裸机+充电器’‘没耳机没膜没套’‘赠品漏发’‘页面写有赠品实际没有’‘赠完即止成文字游戏’‘补发拖延一周’；仅少数用户确认‘赠送了耳机/膜/OTG线/会员卡’。
通话功能稳定吗？打电话听得清对方吗？,通话体验问题突出：‘通话有回音’‘听筒声音特小’‘对方听不清’‘来电接不到也挂不断’‘通话版无法正常使用’‘信号差’‘4G网用不了’‘WiFi断流严重’；也有用户表示‘通话清晰’‘免提效果好’。
摄像头拍照效果真实吗？前置和后置都行不行？,影像能力广受诟病：‘前置摄像头像素烂’‘后置拍出来像50万像素’‘拍照模糊不清晰’‘照相效果极差’‘对焦失败’‘扫描二维码困难’‘录像音质变音’；仅个别用户称‘拍照清晰’‘色彩鲜艳’。
Wi-Fi连接稳不稳定？会不会频繁断网？,Wi-Fi稳定性差评集中：‘连上WiFi几分钟还接不上’‘WiFi断流特别严重’‘路由器边上都看不了视频’‘WiFi不工作’‘连WiFi总跳’‘无法连WIFI’；亦有用户表示‘WiFi信号强势’‘上网速度快’。
售后响应快不快？退换货流程顺利吗？,售后体验普遍恶劣：‘客服推诿’‘电话无人接听’‘在线客服不回复’‘踢皮球’‘承诺处理却无结果’‘七天无理由退货形同虚设’‘超期不受理’‘维修要自付运费’‘检测结果矛盾’；仅少数用户肯定‘售后给力’‘迅速退款’。
屏幕有没有拖影或拖尾现象？影响观影吗？,拖影问题被反复验证：‘弹幕拖影严重’‘图片拖影’‘拖尾非常明显’‘护眼模式下更伤眼’；但亦有用户称‘未发现拖影’‘拖影不明显’‘不影响观影’，说明该问题存在个体差异或固件版本依赖。
屏幕边框（黑边）大不大？影响观感吗？,黑边问题被高频吐槽：‘黑边感人’‘边框超大’‘屏幕亮着时很丑’‘黑边太大’‘影响美观’；亦有用户表示‘黑边可以接受’‘无黑边’；另有反馈‘黑边大导致屏幕比例不适配APP’。
机身做工和材质怎么样？会不会轻易开裂或变形？,结构可靠性堪忧：‘用不到两个月外框裂纹’‘三个角已开裂’‘机身严重弯曲’‘背面不平’‘后盖有中空感’‘塑料感强’‘做工粗糙’；亦有用户称赞‘做工精细’‘金属质感好’‘纤薄精致’。
系统自带软件多不多？能不能卸载？,预装软件成痛点：‘系统自带软件自动运行，占1G内存’‘一堆华为软件不允许卸载’‘预装应用太多’‘太多没用软件’；亦有用户称‘预装应用很少’‘可删除大部分软件’。
屏幕贴膜难不难贴？官方膜质量如何？,贴膜体验差：‘贴完膜惨不忍睹’‘膜比屏幕大/小’‘贴膜有气泡’‘高透膜贴不好’‘送的膜尺寸不配套’‘膜一贴就掉’‘膜质量差’；亦有用户未提及贴膜问题或称‘膜挺好’。
有没有发票？开发票流程顺利吗？,发票问题频发：‘说好开发票没给’‘发票迟迟不发’‘客服让补发却未兑现’‘要求提供截图才开’‘说发票已寄出但未收到’‘发票信息错误’；亦有用户确认‘开了发票’‘发票齐全’。
屏幕亮度和色彩表现如何？是否偏色或发白？,显示素质争议大：有用户称‘色彩鲜艳’‘色温可调’‘显示细腻’；但更多反馈‘颜色不对很晕’‘发白发污’‘色彩失真’‘屏幕发暗’‘亮度不够’‘阳光下反光严重’‘屏幕一层膜都没有’。
存储空间虚标吗？16G/32G实际可用多少？,容量缩水被多次证实：‘16G内存只有10-12G可用’‘32G只剩9G’‘系统占用过大’‘可用空间仅4G’；亦有用户表示‘128G够用’‘TF卡扩展方便’。
指纹识别灵敏吗？解锁快不快？,指纹模块评价不一：‘指纹解锁超快’‘一触即开’；但亦有用户称‘指纹解锁不灵敏’‘验证失败多次’‘home键不可按’‘指纹按键附近有擦不掉瑕疵’。
系统升级体验如何？更新后变卡还是更流畅？,升级反馈矛盾：有用户称‘升级后优化不错’‘系统更流畅’；但亦有反馈‘升级后更卡’‘升级两次后变慢’‘升级耗时极长’‘升级后出现新bug’，还有用户因‘升级失败’‘系统推送烦人’而反感。
屏幕抗摔性如何？轻微跌落会不会碎屏？,碎屏风险高：‘摔一次屏幕就碎’‘甩一下就破’‘没摔过但边缘开裂’‘屏幕易碎’‘建议买意外碎屏险’；亦有用户称‘用了几个月没碎’‘屏幕结实’。
有没有信号问题？移动/联通/电信卡兼容性如何？,网络兼容性存疑：‘不支持电信卡’‘卡二只能用2G’‘全网通实为移动全网通’‘信号差’‘靠着信号塔信号也不超两格’；亦有用户称‘信号非常好’‘接收很快’。
屏幕反光严重吗？室内和户外使用体验差别大吗？,反光问题突出：‘屏幕反光可以当镜子’‘阳光下表现差’‘反光厉害’‘镜面感发光严重’；亦有用户未提反光或称‘可视角度广’。
系统广告多不多？能不能关闭？,广告困扰明显：‘广告太多没法关闭’‘浏览器过滤广告371条’‘系统自带广告’；亦有用户未提及广告或称‘预装软件少’。
屏幕是否有坏点、亮点、漏光等显示缺陷？,显示缺陷频现：‘屏幕左下角有亮点’‘屏幕有坏点’‘屏幕里边有脏东西擦不干净’‘屏幕有黑线/竖纹/白光’‘屏幕漏光’；亦有用户称‘屏幕无坏点’‘显示正常’。
机身重量和握持手感如何？老人小孩用着累吗？,便携性评价两极：有用户称‘有点重’‘拿久了手酸’‘单手放斩杀都放不了’；亦有反馈‘轻薄’‘重量足可接受’‘大小合适’‘老人用着不费劲’。
有没有蓝牙连接问题？能否稳定连接耳机或键盘？,蓝牙问题偶有提及：‘蓝牙键盘没收到’‘蓝牙连接不稳定’；但多数评论未涉及此维度，仅少量用户确认‘蓝牙正常’。
系统UI设计合理吗？虚拟键和返回逻辑顺手吗？,交互设计遭批评：‘返回键占用屏幕一行’‘虚拟导航键讨厌’‘home键不可按’‘退出界面要等很久’‘系统UI做的不好’；亦有用户称‘操作简单’‘习惯安卓逻辑’。
有没有自动关机、黑屏、蓝屏等严重系统崩溃？,崩溃问题属实：‘自己关机自己开机’‘看视频突然黑屏’‘蓝屏一次’‘系统崩溃’‘强制关机才恢复’；亦有用户称‘运行稳定’‘未出现崩溃’。
屏幕尺寸和比例适合看视频吗？横屏体验如何？,影音适配存短板：‘屏幕比例适合看电影’‘看剧爽歪歪’；但亦有反馈‘看视频不能横屏’‘APP不支持横屏’‘横屏使用感不如iPad’‘屏幕太细长’。
有没有信号干扰问题？比如Wi-Fi和蓝牙共存异常？,干扰问题偶有报告：‘Wi-Fi和蓝牙共存时断流’；但该问题提及频率远低于Wi-Fi单独断流，多数评论未涉及此技术细节。
系统省电模式有效吗？开启后续航提升明显吗？,省电策略效果不一：有用户称‘开启省电模式续航更久’‘省电模式值得表扬’；但亦有反馈‘省电模式无效’‘待机耗电仍快’‘系统纯待机耗电比苹果快’。
有没有儿童模式或长辈模式？适配老人小孩使用吗？,适老适幼功能获肯定：‘儿童乐园设置科学’‘给老人用字大屏大’‘爸妈用得很溜’‘老人用着不费劲’；亦有用户称‘字体太小老人看不清’。
屏幕色彩准确度如何？修图或设计能否参考？,专业显示未被验证：所有评论均未提及色准、Delta E、sRGB覆盖率等专业参数，仅泛泛描述‘色彩鲜艳’‘发白’‘偏色’，无用户用于专业创作场景。
有没有红外遥控功能？能否控制电视空调？,红外功能缺失引发失望：‘没有智能遥控’‘加红外线要几块钱？’‘P9不支持红外线’；该功能在评论中属明确缺失项，非性能差异。
屏幕玻璃硬度如何？是否容易刮花？,抗刮性未被直接测试：评论中无用户提及莫氏硬度、钢丝绒测试或日常刮擦实验，仅间接反映于‘屏幕有划痕’‘贴膜防刮’等表述。
有没有NFC功能？能否模拟门禁卡或公交卡？,NFC功能未被任何评论提及：全部1585条评论中无一处出现‘NFC’‘门禁’‘公交卡’等关键词，属功能盲区。
系统文件管理是否方便？能否自由访问SD卡和内部存储？,存储管理偶有抱怨：‘TF卡和双卡二选一’‘不能读取SD卡’‘文件管理不直观’；但多数用户未深入讨论此底层交互。
有没有陀螺仪或传感器漂移？影响游戏或导航吗？,传感器问题未被明确报告：无用户提及‘陀螺仪不准’‘指南针漂移’‘体感失灵’等，该维度在全部评论中缺失。
屏幕频闪是否明显？DC调光或类DC调光开启了吗？,频闪问题未被科学描述：用户仅笼统称‘眼睛疼’‘刺眼’‘伤眼睛’，无一人提及PWM频率、频闪百分比或调光方式，属主观感受范畴。
有没有防水防尘设计？日常泼溅是否安全？,防护等级未被验证：全部评论中无‘IP67’‘防水’‘防尘’‘泼溅’等表述，亦无用户进行相关测试或事故报告。
系统字体渲染是否清晰？中文显示有无锯齿或模糊？,字体渲染偶有提及：‘网页字体不能调’‘字体太小’‘图标边缘迷糊’；但未展开至亚像素渲染、ClearType等技术层面。
有没有深色模式？夜间使用是否舒适？,深色模式未被任何评论提及：全部文本中无‘深色主题’‘夜间模式’‘暗色’等关键词，属功能空白。
屏幕玻璃是否为康宁大猩猩？具体是第几代？,玻璃型号未被披露：所有评论均未出现‘康宁’‘大猩猩’‘GGV’等字样，用户无法从外观或耐刮性推断具体代际。
有没有双击唤醒或手势唤醒功能？,唤醒功能缺失被指出：‘没有双击唤屏’‘没有感应开关屏’‘屏幕不会自动亮’；该功能在评论中属明确缺席项。
玩游戏会卡顿吗？,用户反馈呈现两极：部分称玩王者荣耀、坦克世界等游戏流畅不卡，特效全开无压力；另一部分则明确表示玩王者荣耀卡顿、闪退、方向键与技能同时按失灵、多点触控不灵敏、大型网游带不动，甚至‘看个电影都卡’。
电池续航实际能用多久？,续航评价差异显著：有用户称连续播放视频12小时、待机一天仅掉20%电、充满电可用7小时；但更多用户抱怨耗电飞快，‘充一天一夜只充1%’、‘看视频3-4小时就没电’、‘玩两小时自动关机’、‘放着不用都发热’，官方标称与实际体验落差大。
充电速度怎么样？,多数用户对充电速度不满，反馈‘一个小时只充1%’、‘充5-6小时才满’、‘充三个半钟才充满’、‘充电器发热严重’；少数提及‘充电快’或未提充电问题，但负面反馈占绝对主导。
机身发热严重吗？,发热问题被高频提及：有用户称‘不到半小时发烫到手不敢碰’、‘用一会就烫’、‘充电时没法玩’、‘像暖壶’；亦有用户表示‘玩了好久也不发烫’或未察觉明显发热，但负面反馈更集中且具象。
屏幕分辨率和清晰度真实吗？,分辨率是争议焦点：大量用户直斥‘分辨率太低’、‘颗粒感强’、‘看视频模糊’、‘不如几百块手机’、‘连iPad mini都不如’；也有用户肯定‘2K屏幕很惊艳’、‘画质细腻’、‘色彩鲜艳’，但负面评价数量与激烈程度远超正面。
触摸屏灵敏度如何？,触控问题突出：用户报告‘触摸失灵’、‘点击无反应’、‘触屏不灵敏’、‘划屏不好用’、‘点一下要等几秒才响应’、‘贴膜后完全没反应’；亦有用户称‘触屏反应无障碍’、‘灵敏’，但故障性描述频次更高。
外放音质和音量表现怎样？,音效评价两极分化：大量好评称‘音质超棒’、‘立体声效果太好了’、‘外放听歌看电影很舒服’、‘AKG耳机颜值丑但音质好’；同时高频差评指‘扬声器没声音’、‘声音小得听不清’、‘音量键失灵’、‘外放音过大不线性’、‘有电流声/嘶嘶声’。
系统运行是否流畅？,流畅度反馈分裂：有用户称‘系统非常流畅’、‘开机即用’、‘比三星S6 Edge还流畅’；但更多用户抱怨‘刚用就卡’、‘反应迟钝’、‘死机’、‘自动重启’、‘后台程序多就卡’、‘系统自带软件占1G内存’，甚至‘解锁都要等’。
品控和做工质量稳定吗？,品控问题集中爆发：用户报告‘屏幕边缘裂纹’、‘机身弯曲’、‘后盖不平’、‘外壳起泡掉漆’、‘充电口有插拔旧痕’、‘屏幕有坏点/黑线/白光/脏东西在玻璃里’、‘新机有他人照片/视频’，质疑‘翻新机’、‘二手货’、‘返修机’。
物流配送时效和体验如何？,物流评价矛盾：一方面‘下午下单晚上到’、‘第二天就收到’被反复称赞；另一方面‘等11天才到’、‘物流信息停滞7天’、‘派送员拒验货’、‘送货不入户让老人跑4公里取货’、‘包裹胶带松动可见内物’等差评密集出现。
包装防护是否到位？,包装差评压倒性：用户普遍吐槽‘就一个破纸盒’、‘里面连气泡膜/泡沫都没有’、‘咣当乱响’、‘塑料袋包着’、‘外包装撕开过’、‘灰尘/指印/污渍明显’，认为‘精密电子产品不该如此简陋’，仅极少数称‘包装很好’。
售后客服响应和服务态度怎样？,客服体验极差：用户频繁投诉‘客服不回消息’、‘电话无人接听’、‘踢皮球推诿’、‘敷衍了事’、‘说假话’、‘机械回复’、‘态度恶劣’、‘承诺不兑现’，甚至出现‘主动关闭聊天’、‘客服消失’等极端情况。
退货换货流程顺利吗？,退换货障碍重重：用户遭遇‘超7天不受理’、‘检测说人为损坏拒保’、‘要求自付运费’、‘寄回后无下文’、‘赠品漏发补发拖一周’、‘申请退货客服不审核’、‘系统自动确认收货’，多人称‘想退但懒得折腾’、‘只能认倒霉’。
有没有附赠耳机、保护膜、保护套等配件？,赠品缺失是最大槽点之一：大量用户质问‘为什么没有耳机’、‘没送钢化膜’、‘保护套不送’、‘赠品写有却什么都没’、‘页面显示赠完即止’，并指出‘128G版才有耳机’、‘64G版不配’，普遍认为‘商家抠门’、‘店大欺客’。
通话功能是否正常稳定？,通话问题频发：用户反馈‘通话有回音’、‘对方听不清’、‘来电接不到也挂不掉’、‘通话声音小’、‘打10086按键没反应’、‘信号差’、‘4G网用不了’、‘WiFi版不能插卡’，甚至有‘买来通话的却不给卡托’的离谱案例。
WiFi和网络连接稳定性如何？,联网问题突出：用户报告‘WiFi连着总跳’、‘连不上网’、‘断流特别严重’、‘路由器边上都看不了视频’、‘WIFI不工作’、‘无线卡得要死’，并对比称‘家其他设备都正常，就它不行’，归因于‘WiFi性能很不好’。
屏幕是否存在拖影、闪屏、花屏等显示异常？,显示故障高发：用户证实‘屏幕拖影’、‘闪屏’、‘花屏’、‘红屏’、‘黑屏’、‘屏幕发暗’、‘白边’、‘竖纹’、‘阴影’、‘亮斑’，有用户称‘弹幕拖影伤眼睛’、‘不到一个月就闪屏无法使用’，维修结论含‘主板发霉’、‘排线问题’。
摄像头拍照效果真实吗？,拍照普遍失望：用户批评‘前置摄像头像素烂’、‘拍照模糊不清晰’、‘像50万像素’、‘照相效果差’、‘没有自动对焦’、‘发白发污’、‘录像音质变音’，并直言‘宣传单反级效果是吹牛’、‘水分真多’。
是否存在虚假宣传或货不对板？,虚假宣传指控密集：用户指出‘标称16G内存实测仅10-12G’、‘标4G运存实为2G’、‘标全网通实为移动版’、‘标送赠品实则不送’、‘标2K屏但显示颗粒感强’、‘标续航12小时实则4小时’、‘标新品但有他人使用痕迹’。
屏幕是否有明显黑边或边框问题？,黑边被广泛诟病：用户多次抱怨‘屏幕边框超大’、‘黑边感人’、‘黑边太大’、‘边框宽影响美观’、‘屏幕比例不舒服’，虽有用户称‘黑边可接受’，但负面评价更具共识性。
系统预装软件和广告是否过多？,预装与广告饱受诟病：用户称‘系统自带软件占1G内存’、‘预装软件太多删不掉’、‘广告太多没法关’、‘应用市场没软件要另下’、‘系统更新慢’、‘UI设计差’、‘虚拟导航键占用屏幕’，甚至指‘华为软件及系统服务可打零分’。
是否存在价格欺诈或保价不兑现？,价格问题引爆众怒：用户密集投诉‘刚买就降价’、‘一天降两次’、‘保价失败’、‘客服以限购/秒杀为由拒赔’、‘活动页面写送赠品结算消失’，多人称‘被坑’、‘信任崩塌’、‘以后不在京东买’。
屏幕是否容易碎裂或抗摔性差？,碎屏问题显著：用户反馈‘摔一次就碎屏’、‘没摔过三周就开裂’、‘屏没用几天就坏了’、‘建议买意外碎屏险’、‘比苹果iPad易碎’，并指出‘屏大容易碎’、‘塑料感强’、‘机身薄但不耐摔’。
是否存在信号弱、无服务、基站识别异常？,信号问题被反复提及：用户称‘靠着信号塔信号难超两格’、‘偏僻处常没信号’、‘出县城就没信号’、‘检测不到SIM卡’、‘信号满格但微信刷不出’、‘通话质量极差’，并对比‘其他手机平板都正常’。
是否支持双卡双待或TF卡扩展？,卡槽设计遭吐槽：用户指出‘双卡只能用2G网络’、‘卡槽晃动无反应’、‘SD卡和手机卡二选一’、‘不支持电信卡’、‘插卡后盖子盖不严’，并称‘三选二卡槽形同虚设’、‘设计奇葩’。
是否存在喇叭、听筒、麦克风硬件故障？,音频硬件故障频发：用户报告‘喇叭接触不良没声音’、‘一个扬声器没声音’、‘听筒声音特小’、‘麦克风收音差’、‘打电话声音太小听不清’、‘喇叭变形’，维修结论含‘喇叭需更换’、‘排线问题’。
指纹识别或Home键等交互部件是否可靠？,交互硬件问题：用户反馈‘指纹解锁不灵敏’、‘验证失败多次’、‘Home键不可按压’、‘Home键不能按’、‘电源键失灵’、‘音量键失灵’、‘返回键占用屏幕’，并质疑‘设计反人类’。
是否存在自动关机、死机、蓝屏等系统崩溃？,系统稳定性堪忧：用户称‘自己关机自己开机’、‘用着用着就死机’、‘蓝屏一次’、‘频繁重启’、‘系统优化后仍卡’、‘浏览器黑屏频闪’、‘开不了机’、‘充不了电’，维修结论含‘主板问题’、‘积液’。
是否支持快充或Type-C接口？,快充缺失成共识：用户明确指出‘不支持快充’、‘充电插口不是type-c’、‘充电头细扁易插坏’、‘充电线插进去很难’，并称‘充电口设计奇葩’、‘充电器很快坏了’。
屏幕贴膜是否适配或易损？,贴膜问题突出：用户抱怨‘贴膜尺寸不配套’、‘膜比屏幕大/小’、‘贴完惨不忍睹’、‘一贴就掉’、‘贴膜有气泡’、‘膜有硬物卡凹凸点’、‘钢化膜贴大屏难’，并称‘送的膜质量差’、‘贴膜辅助工具只有抹布’。
是否存在屏幕漏光、色偏、色彩失真？,色彩问题被指出：用户称‘色彩失真’、‘颜色发白发污’、‘屏幕发黄’、‘屏幕一层膜都没有’、‘屏幕像空心的’、‘屏幕有划痕擦不掉’，并对比‘跟电脑差距好大’、‘不如iPhone’。
是否支持红外遥控等特色功能？,红外功能缺失：用户抱怨‘没有智能遥控’、‘加个红外线要几块钱’、‘P9不支持红外线’，并质疑‘这么强大的功能都敢丢’、‘设计脑残’。
是否存在发货延迟、漏发、错发问题？,发货管理混乱：用户投诉‘付款后四天才发货’、‘漏发充电器/耳机/OTG线’、‘发错版本（优享版发成高配版）’、‘发错地址’、‘订单轨迹被修改’，并称‘客服说没货后又有了’、‘说好补发却没动静’。
是否提供发票及开发票流程是否顺畅？,发票问题频发：用户称‘说好开发票没给’、‘发票延迟’、‘普票冒充增值税发票’、‘客服让发截图却没结果’、‘增票拖好久才给’、‘开发票还要找主管’，并质疑‘没发票怎么保修’。
是否存在屏幕误触、自动点击、触控漂移？,误触问题存在：用户反馈‘屏幕自己动’、‘下拉时自己点击’、‘触屏乱跳’、‘没按屏幕就乱跳’、‘手指不碰也触发’，并称‘可能是排线接触不实’、‘触摸屏敏感度有进步空间’。
是否存在电池老化快、续航衰减问题？,电池衰减被证实：用户称‘用了几个月电池就不行了’、‘待机一天掉20%电’、‘放抽屉一天就没电’、‘新机充不满’、‘电池有严重问题’，维修结论含‘电池需更换’、‘电池老化’。
是否存在屏幕亮度不足或夜间显示问题？,亮度问题被指出：用户称‘亮度不够用’、‘看电视剧亮度都不够’、‘屏幕发暗’、‘屏幕反光可以当镜子’、‘阳光下反光厉害’、‘护眼模式下仍有拖影’，并称‘调亮度无效’。
是否存在系统升级后兼容性或功能异常？,升级引发问题：用户报告‘升级后WiFi连不上’、‘升级后系统更卡’、‘升级后喇叭有问题’、‘升级后出现新bug’，并称‘更新两次后才优化’、‘EMUI5.0比4.0省电差’。
是否存在应用安装、运行或兼容性问题？,应用生态短板：用户称‘装软件也装不上’、‘应用市场没软件’、‘下载软件不行’、‘微信视频有回声’、‘QQ视频吱吱响’、‘APP适配不完美’、‘很多APP不支持横屏’。
是否存在屏幕尺寸与预期不符？,尺寸认知偏差：用户反馈‘以为8.4寸很小其实挺大’、‘屏幕比想象中要小’、‘有点重’、‘单手握持割手’、‘拿着费劲’、‘携带不方便’，亦有用户称‘大小正合适’、‘轻薄’。
是否存在屏幕指纹残留、清洁困难问题？,清洁体验差：用户抱怨‘屏幕上有指纹擦不干净’、‘屏幕有胡乱擦过的痕迹’、‘屏幕有脏东西在玻璃里边’、‘屏幕有胶擦不掉’、‘屏幕有油污’，并质疑‘是不是用过再卖’。
是否存在屏幕比例不适配视频或阅读？,比例不适配：用户称‘16:9屏不适合看文档’、‘屏幕比例不舒服’、‘看网页图片放大模糊’、‘APP适配奇怪’、‘京东APP图片大字体小’、‘横屏使用感没iPad顺手’。
是否存在屏幕与机身结合不紧密、缝隙问题？,结构公差问题：用户指出‘左下角这么大个缝’、‘背面不平凹凸不平’、‘后盖有中空感’、‘机身严重弯曲’、‘屏幕边缘不平’，并称‘客服说换新还有缝隙’、‘品控人员应能看到’。
是否存在屏幕出厂保护膜缺失或异常？,出厂膜问题：用户称‘没贴出厂保护膜’、‘屏幕膜已不见踪影’、‘保护膜被揭开又贴回’、‘收到时屏幕没膜’、‘钢化膜比屏幕小太多’、‘膜与图上不相同’，并质疑‘是不是二手货’。
是否存在屏幕视角、可视角度不佳问题？,视角问题被提及：用户称‘可视角度广’属正面评价，但亦有用户反馈‘斜着看屏幕发灰’、‘屏幕反光严重’、‘阳光下看不清’，间接反映视角局限。
是否存在屏幕色彩饱和度、色温调节问题？,色彩调节被肯定：用户称‘色温可调’、‘色彩鲜艳’属正面反馈，但亦有用户抱怨‘颜色发白’、‘色彩失真’、‘屏幕发黄’，表明调校一致性不足。
是否存在屏幕触控精度、跟手度问题？,精度问题：用户指出‘触摸不灵敏’、‘触控漂移’、‘触屏不准’、‘精确度有进步空间’、‘触控延迟’，并称‘跟iPhone比差’、‘触控体验不如手机’。
是否存在屏幕防眩光、防指纹涂层失效？,涂层问题：用户称‘屏幕镜面感发光严重’、‘屏幕反光可以当镜子’、‘屏幕有指纹擦不干净’，表明防眩光与防指纹涂层效果有限或缺失。
是否存在屏幕与金属边框结合处异响或松动？,结构异响：用户未直接提及‘异响’，但报告‘卡槽晃动’、‘机身弯曲’、‘后盖不平’、‘缝隙’、‘外壳起泡’，暗示结构件结合可靠性存疑。
是否存在屏幕在低温或高温环境下异常？,温控异常：用户称‘充电温度太高’、‘用一会就烫’、‘散热超级不好’、‘放着不用都发热’，但未提及低温环境表现。
是否存在屏幕在特定APP或场景下显示异常？,场景异常：用户报告‘看视频画面不正常看不到字幕’、‘看优酷下载不了插件’、‘浏览器看视频卡在第8秒’、‘微信视频有回声’、‘QQ视频吱吱响’、‘小伴龙卡’，显示特定场景适配不足。
是否存在屏幕出厂校准不准、色准偏差？,色准问题：用户称‘色彩失真’、‘颜色发白发污’、‘屏幕发黄’、‘屏幕像空心的’，维修未提校准，但用户主观感受指向出厂校准一致性不足。
是否存在屏幕在运输途中受损或压痕？,运输损伤：用户称‘屏幕有划痕’、‘屏幕有磕碰’、‘屏幕有压痕’、‘屏幕有黑线’、‘屏幕有白光’，并归因于‘包装无防护’、‘快递颠簸’、‘装卸工扔来扔去’。
玩王者荣耀会卡顿吗？,多位用户反馈玩王者荣耀时存在卡顿现象：有称‘玩王者有点卡顿’‘玩王者荣耀会卡声音’‘玩王者荣耀卡死了’‘打王者荣耀不能多点触碰’；亦有用户表示‘玩王者荣耀不卡’‘全程30帧不掉帧’‘玩农药不卡’，体验因机型版本（如4G/64G）、网络状况及系统优化程度而异。
电池续航实际能撑多久？,用户实测续航差异显著：有称‘充满电能看7小时视频’‘待机一天仅掉20%电’；亦有反馈‘充一天一夜只充1%’‘看视频3-4小时就没电’‘播放4小时左右自动关机’‘电量感人’‘充12小时才满’，普遍存在标称续航（如12小时）与实际体验严重不符的情况。
充电速度到底有多慢？,充电速度被高频诟病：有用户称‘一个小时充了百分之一的电’‘充12小时才满’‘充3.5小时才充满’‘充5-6小时充不满’；另有用户表示‘充电感觉不快’‘不支持快充’，仅极少数未提充电问题，整体指向严重偏慢。
发热情况严重吗？,发热问题集中爆发：用户报告‘下载软件不到半小时就发烫到手不敢碰’‘用一会就烫’‘散热超级不好’‘充电时很烫’‘放着不用都发热’，甚至出现‘像冰和火的组合’‘怕用着用着炸了’等极端描述，但亦有用户称‘玩了好久游戏也不发烫’，属典型两极分化。
屏幕分辨率真实水平如何？,分辨率评价高度负面：大量用户直指‘分辨率太低’‘像素差’‘颗粒感强’‘画面模糊’‘看不清字幕’‘不如几百块手机’‘连iPad mini都比不上’；虽有少数称‘2K屏幕’‘清晰度高’，但结合‘黑边大’‘适配差’等上下文，多数正面评价未否认其物理分辨率偏低的事实。
触控灵敏度和拖影问题存在吗？,触控与拖影为高频缺陷：用户多次提及‘触摸屏敏感度有进步空间’‘触屏不灵敏’‘触屏失灵’‘屏幕拖影’‘弹幕拖影严重’‘红屏现象严重’；亦有用户确认‘没发现拖影’‘拖影问题不明显’，但问题存在且非个例，尤其在护眼模式或EMUI5.0系统下更易显现。
品控是否稳定？外壳/屏幕有无明显瑕疵？,品控问题突出：用户报告‘收到就有瑕疵’‘屏幕左上角外壳有碰伤’‘背面不平’‘边缘不平’‘外框出现裂纹’‘后壳有划痕’‘屏幕有坏点/黑线/白光/阴影/蓝线’‘屏幕里边有脏东西擦不干净’‘包装松动可见内部’，证实出厂即存外观与结构缺陷。
物流配送是否靠谱？有没有破损或延迟？,物流问题频发：用户抱怨‘快递慢’‘整整十天才到’‘6.20到货就是不派件，6.24才送到’‘15号下单28号到’‘送货不入户’‘送错地址’‘包裹胶带松动’‘包装简陋无气泡膜’‘箱子被撕开’‘外包装破损’，虽有‘次日达’‘神速’等好评，但负面反馈覆盖全链路环节。
售后响应和服务态度怎么样？,售后体验普遍恶劣：用户遭遇‘客服不回消息’‘客服推诿’‘让找这个找那个’‘电话无人接听’‘人工客服消失’‘说好24小时回电未兑现’‘检测后称人为损坏拒保’‘维修周期长达30天’‘退货超期不受理’，并多次强调‘服务差’‘态度差’‘不负责任’‘京东拉倒吧’。
有没有附赠耳机、保护膜或保护套？,赠品缺失成最大槽点之一：超百条评论质问‘为什么没有耳机’‘没送保护膜’‘说好的皮套呢’‘赠品漏发’‘什么都没送’‘就一个裸机’‘连原装耳机都不带’，部分用户称‘收到赠品只有一张膜’，多数确认‘页面写有赠品但实际未发’，属系统性履约问题。
通话功能是否稳定可靠？,通话功能故障率高：用户报告‘通话就有回音’‘打电话声音太小听不清’‘通话质量不太好有回音’‘来电时接不到也挂不掉’‘通话版64G平板但无法正常使用通话功能’‘对方说听不清楚’，亦有用户称‘通话可以不用耳机’‘通话清楚’，但负面反馈更具细节与一致性。
WiFi连接是否稳定？会不会频繁断流？,WiFi稳定性堪忧：用户反复投诉‘连着WiFi总跳’‘WiFi断流特别严重’‘连上WiFi几分钟还接不上’‘WIFI不工作了’‘无线卡得要死’‘信号满格微信刷不动’‘WIFI版上网就是快’，正反评价并存，但断流、掉线、连不上等负面描述数量远超正面。
系统运行是否流畅？会不会卡顿闪退？,系统卡顿与崩溃高发：用户称‘才用两个月就卡’‘系统出问题’‘自动关机’‘闪退’‘死机三次’‘反应迟钝’‘运行太慢了’‘开不了机’‘系统极为垃圾’；同时亦有‘系统流畅’‘运行速度快’‘不卡’等正面反馈，表明流畅度受固件版本、内存占用及个体使用习惯影响显著。
屏幕是否存在闪屏、黑屏或花屏现象？,显示异常集中爆发：用户明确指出‘不到一个月出现闪屏现象’‘看视频有时黑屏’‘白屏’‘花屏’‘屏幕失灵’‘开机一半显示不了’‘屏幕成这样了’‘屏幕发暗然后黑屏’，且多发生于购机1–2个月内，部分被归因为‘主板发霉’‘排线问题’或‘进液’。
扬声器和外放音质表现如何？,音质评价两极分化：大量用户盛赞‘音效超棒’‘立体音效果不错’‘外放听歌看电影很舒服’‘音质一级棒’；但亦有反馈‘扬声器没声音’‘一个扬声器没声音’‘声音太小’‘喇叭接触不良’‘音质一般般’‘外放条变形’，证实硬件一致性不足。
前置摄像头拍照效果真实吗？,前置摄像被普遍贬低：用户吐槽‘前置摄像头像素烂的要死’‘前置才30万，拍照都是花的’‘前置摄像头照出来有雪花状’‘自拍模糊’‘视频通话效果差’，仅个别提及‘视频通话没问题’，整体指向前置模组素质严重偏低。
是否容易出现自动重启或死机？,自动重启与死机高频出现：用户报告‘用着用着就自动重启’‘不到一个月自动关机又开机’‘死机状态’‘系统优化后仍卡死’‘莫名其妙的卡’‘经常死机’‘蓝屏了一次’，并有用户称‘重启几次就系统优化’，说明底层稳定性存在隐患。
机身做工和握持手感如何？,做工褒贬不一：用户称赞‘做工精细’‘金属质感好’‘轻薄’‘大小合适’；但亦有批评‘塑料感强’‘黑边感人’‘边角开裂’‘机身弯曲’‘后背不贴合’‘home键不可按’‘虚拟导航键占屏’，且‘拿久了手酸’‘有点重’成为共性体感反馈。
存储空间是否虚标？实际可用多少？,存储缩水被广泛证实：用户称‘16G内存只剩10G’‘只有12G’‘可用内存仅4G’‘卸载后只剩6G’‘系统自带软件占1G内存’，并有用户质疑‘128G才有耳机，64G是性价比最低版本’，证实标称容量与可用空间存在系统性偏差。
是否存在发货错误或货不对板？,错发问题确凿存在：用户反馈‘货不对板’‘发了二手的’‘发的是优享版非高配版’‘发的是移动全网通非全网通’‘发了wifi版非通话版’‘发了别人退的货’‘里面还有别人下载的视频’，并有用户称‘检测出主板发霉’‘主板被私修’，证实供应链管理失控。
发票和三包凭证是否正常提供？,开票问题大面积存在：用户多次投诉‘说好开发票没给我’‘没发票’‘发票寄丢了’‘发票是普票非增值税专用票’‘要求补发票没人理’‘客服说发票已发但未收到’，并有用户因缺发票导致退货被拒，属履约关键环节失效。
包装防护是否到位？有无运输损伤风险？,包装简陋引发普遍担忧：用户怒斥‘包装贼特么差劲’‘里面一点保护都没做’‘连气囊都没有’‘纸盒晃荡’‘塑料袋包着’‘外包装被撕开’‘箱子没塑封’，并有用户称‘包装差导致屏幕碎’‘机器话感觉像二手的’，京东自营包装被指为‘硬伤’。
是否出现屏幕失灵或触摸无反应？,触控失效高频发生：用户报告‘20天触摸失灵’‘刚买回来触摸屏根本用不了’‘屏幕失灵乱跳’‘点击无反应’‘屏幕不能用’‘触屏不灵’‘触摸失灵’‘屏幕完全失灵’，部分归因于‘保护套压屏’‘充电干扰’，但新机首发即故障现象普遍。
是否存在返修机或翻新机嫌疑？,翻新疑云广泛蔓延：用户指出‘机子里面还有三月份拍的视频’‘有别人下载的软件’‘包装被打开过’‘屏幕保护膜已揭过’‘充电口有使用痕迹’‘有旧机划痕’‘疑似翻新机’‘怀疑是返修机’，并有用户称‘京东卖返修货’‘二*手*东’，信任基础严重受损。
系统广告和预装软件是否过多？,预装与广告饱受诟病：用户称‘系统自带软件自动运行占1G内存’‘预装软件太多删不掉’‘很多APP不支持横屏’‘广告太多没法关闭’‘浏览器过滤广告371条’，虽有用户称‘预装应用很少’，但强制安装、不可卸载、后台吸资源等问题被反复验证。
是否支持指纹识别且灵敏度如何？,指纹功能存在功能性缺陷：用户反馈‘指纹解锁不灵敏’‘验证失败’‘没有指纹解锁功能’‘home键不能按压’‘指纹按键附近有擦不掉瑕疵’，亦有用户称‘指纹解锁超快’‘一触即开’，但‘不支持’‘失灵’‘无效’等负面描述指向部分批次硬件或固件异常。
屏幕反光和可视角度表现怎样？,反光问题高度一致：用户普遍指出‘屏幕反光可以当镜子’‘反光厉害’‘阳光下表现不好’‘屏幕太镜面感’，仅个别称‘可视角度广’，但‘反光’作为独立缺陷被超20条评论直接点名，属设计硬伤。
是否支持快充？充电接口设计是否合理？,快充缺失与接口缺陷并存：用户明确表示‘不支持快充’‘充电接口设计是个奇葩’‘细细一个扁头插坏了’‘充电线插进去很难’‘充电头粗旧耳机不能用’，虽有用户未提此问题，但‘不支持快充’被多条评论交叉印证为事实。
是否存在信号弱或4G联网异常？,通信能力参差不齐：用户报告‘信号非常差’‘靠着信号塔信号难超两格’‘4G网用不了’‘检测不到SIM卡’‘信号满格但上不了网’；亦有用户称‘信号非常好’‘接收很快’，但‘信号差’‘无信号’‘连不上网’等负面反馈数量显著更多。
是否出现自动关机或无法开机？,开关机故障频发：用户称‘充不了电开不了机’‘开不了机’‘开机就黑屏’‘开不了机充不了电’‘充一夜电仍不开机’‘开不了机就直接换了新机’，并有用户称‘主板问题’‘积液’‘发霉’，表明底层供电与启动模块可靠性不足。
屏幕边框（黑边）宽度是否影响观感？,黑边过大成共识性吐槽：用户直言‘黑边太大’‘黑边感人’‘黑边比较大’‘黑边超大’‘边框超大’‘屏幕亮着的时候很丑’，虽有用户称‘边框窄’，但‘黑边’相关负面评价覆盖90%以上提及该维度的评论。
是否出现音频电流声或杂音？,音频底噪被多次验证：用户反馈‘带上耳机听到电流声’‘喇叭有杂音’‘视频有报警声’‘音质有嘶嘶感’‘音效差强人意’，亦有用户称‘音质不错’，但‘电流声’‘杂音’‘嘶嘶声’等具体听感描述具高度一致性。
是否支持多任务分屏或手势操作？,分屏功能未被广泛提及，但用户指出‘不支持双屏使用’‘系统不支持按应用决定联网权限’‘没有双击唤醒’‘返回键占屏’‘退出当前界面要等很久’，暗示多任务交互逻辑不完善，仅少数称‘可双屏使用’，属功能支持模糊地带。
是否出现蓝牙连接失败或音频传输异常？,蓝牙问题零星出现：用户报告‘蓝牙键盘没收到’‘蓝牙连接不稳定’‘蓝牙耳机音质差’，但未形成高频共性问题，仅作为偶发故障被提及，缺乏足够证据支撑为系统性缺陷。
是否出现GPS定位不准或导航异常？,GPS问题未在评论库中被任何用户提及，无相关事实支撑，故不予生成问答对。
是否支持NFC功能？,NFC功能未在评论库中被任何用户提及，无相关事实支撑，故不予生成问答对。
是否支持红外遥控功能？,红外功能被明确否定：用户称‘没找到智能遥控’‘p9不支持红外线’‘加个红外线要几块钱’，证实该机型未配备红外发射模块，属功能缺失。
是否支持面部识别解锁？,面部识别未被任何用户提及，评论中仅涉及指纹与密码解锁，无事实支撑该功能存在，故不予生成问答对。
是否支持HDR视频播放？,HDR播放未被任何用户提及，所有视频体验描述均围绕‘清晰度’‘流畅度’‘音效’展开，无技术参数级反馈，故不予生成问答对。
是否支持5G网络？,5G网络未被任何用户提及，全部网络相关反馈均围绕‘4G’‘3G’‘WiFi’‘信号’，且产品发布时间早于5G商用，故不予生成问答对。
是否支持防水防尘？,防水防尘未被任何用户提及，反而有用户称‘检测出主板发霉’‘检测说有积液’，间接证明不具备有效防护能力，故不予生成问答对。
是否支持手写笔输入？,手写笔功能未被任何用户提及，所有输入反馈均围绕‘触屏’‘虚拟键盘’‘手写发消息字写不完整’，无配套硬件或驱动支持证据，故不予生成问答对。
是否支持杜比音效？,杜比音效未被任何用户提及，所有音质描述均围绕‘哈曼卡顿’‘立体声’‘外放’‘音量’，无技术标准级反馈，故不予生成问答对。
是否支持Wi-Fi 6？,Wi-Fi 6未被任何用户提及，全部WiFi反馈均基于‘断流’‘连不上’‘满格无网速’等基础连接问题，无协议版本信息，故不予生成问答对。
是否支持eSIM？,eSIM未被任何用户提及，所有SIM卡相关反馈均围绕‘插卡’‘卡槽’‘双卡’‘全网通’，无虚拟化卡支持证据，故不予生成问答对。
玩王者荣耀卡不卡？,用户反馈呈现明显两极：多数称‘玩王者荣耀不卡’‘特效全开不卡’‘全程30帧不掉帧’；但也有大量负面反馈称‘玩王者卡死’‘卡顿严重’‘方向键和技能同时按失灵’‘多点触控有问题’‘打王者不能多点触碰’。
发热严重吗？,多位用户明确提及严重发热问题：‘不到半小时发烫到手不敢碰’‘充电时很烫’‘用一会儿就烫’‘发热太厉害不敢用’‘放着不用都发热’；另有用户称‘玩了好久也不发烫’‘发热不明显’，但负面反馈频次更高且描述更具体。
屏幕分辨率到底行不行？,分辨率是高频投诉点：大量用户直言‘分辨率太低’‘像素差得要死’‘画面全是颗粒’‘看不清字幕’‘连50万像素摄像头效果都不如’；虽有用户称‘2K屏幕很惊艳’‘画质细腻’，但负面评价在数量、细节（如‘颗粒感’‘模糊不清晰’‘看电视剧很不清晰’）上占绝对主导。
触控灵敏度怎么样？,触控问题集中爆发：‘触摸屏敏感度有进步空间’‘触屏不灵敏’‘点击无反应’‘触摸失灵’‘屏幕失灵乱跳’‘20天触摸失灵’‘间歇性失灵’‘贴保护套后触屏没反应’；亦有用户称‘触屏反应无障碍’‘触感灵敏’，但故障类反馈远超正常体验描述。
品控有没有明显瑕疵？,品控问题普遍：用户报告‘屏幕左上角外壳有碰伤’‘背面不平’‘外框出现裂纹’‘后盖有划痕’‘边缘不平’‘边角开裂’‘机身弯曲’‘屏幕有黑线/竖纹/坏点/阴影/白斑/漏光’‘包装盒被打开过’‘屏幕有指印/灰尘/胶痕’。
物流配送靠谱吗？,物流评价两极分化：正面反馈强调‘下午下单晚上到’‘次日达’‘神速’；但负面反馈更密集：‘15号下单28号到’‘物流慢如蜗牛’‘配送错误连通知都不通知’‘不送货上门’‘送错地址’‘包裹胶带松动’‘箱子被撕开’‘快递员拒验货’‘派送员态度差’。
售后客服响应及时吗？,客服体验普遍负面：‘客服不回消息’‘电话打不通’‘踢皮球’‘推来推去’‘客服爱答不理’‘说好24小时回电未兑现’‘三个客服给了三种说法’‘客服直接关闭聊天’‘客服态度差’；仅少数用户称‘客服耐心周到’‘服务热情’。
系统运行流畅吗？,系统流畅度争议最大：大量用户称‘系统流畅’‘运行快’‘不卡’‘速度飞快’；但更多用户抱怨‘系统极为垃圾’‘经常死机’‘闪退’‘自动重启’‘卡顿’‘反应迟钝’‘加载慢’‘后台程序多’‘预装软件占1G内存’‘系统优化差’。
音质外放效果如何？,音质评价高度一致：绝大多数用户称赞‘音质超棒’‘立体声效果太好了’‘外放听歌看电影很舒服’‘声音大’‘音效一级棒’‘哈曼卡顿音效出色’；仅个别用户称‘扬声器没声音’‘声音小’‘音质一般般’。
有没有赠送耳机、膜、保护套？,赠品缺失是最高频投诉：‘没有耳机’‘没有保护膜’‘没有保护套’‘什么都没送’‘赠品漏发’‘页面写有赠品但没收到’‘客服说赠完即止’‘赠品只有数据线’‘买了两个版本一个有耳机一个没有’；虽有用户称‘赠送耳机贴膜都很好’，但属少数个例。
充电速度和充电器质量怎样？,充电问题突出：‘一个小时充1%’‘充5-6小时充不满’‘充12小时才满’‘充电器坏了’‘充电头很热’‘充电口插不进去’‘充电接口设计奇葩’‘充电器不是原装’‘充电线头有污迹’；正面反馈仅泛泛称‘充电快’‘充电感觉不快’。
Wi-Fi连接稳定吗？,Wi-Fi故障高发：‘连不上网’‘WiFi断流特别严重’‘WiFi不工作’‘WIFI性能很不好’‘信号满格但刷不开微信’‘连上WiFi几分钟接不上线’‘无法连WIFI’；亦有用户称‘连接无线网很好用’‘上网速度快’，但稳定性投诉远超正面评价。
通话功能是否可靠？,通话问题集中：‘通话有回音’‘打电话声音太小听不清’‘来电接不到也挂不掉’‘通话版不能正常通话’‘通话质量差’‘对方听不清’‘通话声音小’；虽有用户称‘通话可以不用耳机’，但功能性缺陷反馈频次与严重性均极高。
屏幕是否存在拖影或拖尾？,拖影问题被反复验证：‘屏幕拖影’‘弹幕拖影严重’‘存在拖影现象’‘拖尾明显’；亦有用户称‘未发现拖影’‘拖影问题不存在’，但负面反馈明确指向‘EMUI5.0下图片弹幕拖影’‘拖影很伤眼睛’，且非单一用户偶发。
机器是不是翻新机或二手货？,翻新疑云广泛存在：‘里面还有别人下载的软件’‘有三月份拍的视频’‘有一月份拍的图像’‘盒子被打开过’‘屏幕保护膜已不见踪影’‘后盖保护膜揭开又贴回’‘有私人照片’‘充电插口有使用痕迹’‘生产日期与内部文件时间不符’；虽有用户确认‘全新未拆封’，但质疑声量巨大且细节具象。
屏幕贴膜难贴吗？,贴膜体验普遍糟糕：‘贴了钢化膜惨不忍睹’‘换了软膜还是惨不忍睹’‘贴膜有气泡’‘膜比机子大一块’‘膜比屏幕小太多’‘自己贴毁了’‘贴膜尺寸不配套’；仅极个别用户未提此问题。
机身做工和质感如何？,做工评价矛盾：正面反馈称‘做工精细’‘金属质感好’‘外观漂亮’；负面反馈则指‘塑料感强’‘后背不贴合’‘中空感’‘黑边感人’‘大黑边’‘仿金属条很掉价’‘做工粗糙’‘边角裂痕’‘边框超大’。
前置摄像头拍照效果咋样？,前置摄像被普遍诟病：‘前置摄像头像素烂的要死’‘前置才30万，拍照都是花的’‘自拍模糊’‘前置摄像头无法对焦’；虽有用户称‘前置摄像头不错’，但负面评价在数量与细节（如‘像素低’‘模糊’‘花’）上占压倒性优势。
有没有发票？,发票问题高频出现：‘说好开发票没给我’‘没有发票’‘发票没寄’‘客服说给补发但没收到’‘问客服不回复’‘要求补发票客服敷衍’；仅少量用户称‘开了发票’或未提及。
屏幕边框宽不宽？,黑边/边框是核心槽点：‘黑边比较大’‘屏幕边框超大’‘大黑边’‘黑边感人’‘边框宽’‘视觉边框很宽’；正面反馈仅泛泛称‘边框窄’，而具体尺寸批评（如‘黑边大’‘边框宽’）在评论中高频复现。
有没有出现自动关机或黑屏？,自动关机与黑屏故障常见：‘自己会自己关机自己开机’‘看视频时突然黑屏’‘无缘无故屏幕发暗然后黑屏’‘黑屏十几分钟都打不开’‘白屏’‘开不了机’‘屏幕无显示’；亦有用户称‘一切正常’，但故障类描述频次与细节丰富度更高。
系统更新后会不会出问题？,系统升级伴随风险：‘更新后试用不错’但亦有‘升级后WiFi连不上’‘升级后变卡’‘升级后出现闪退’‘升级两次后问题更多’‘系统更新导致问题’；更有用户指出‘华为中心开着还卡’‘系统自带软件自动运行占内存’。
是否支持双卡双待？,卡槽设计引发强烈不满：‘卡二只能用2G网络’‘双卡双待形同虚设’‘SD卡和手机卡二选一’‘三选二卡槽’‘不支持全网通’‘移动全网通但收不到联通信号’；正面反馈仅称‘可插卡通话’，未解决兼容性痛点。
游戏体验整体如何？,游戏体验分化严重：正面反馈‘玩王者不卡’‘玩游戏不卡’‘打游戏爽’；但负面反馈更密集：‘玩大型网游带不动’‘玩游戏卡’‘玩连连看都卡’‘玩游戏卡死’‘玩梦幻西游虚拟键盘不消失’‘玩俄罗斯方块音量键失效’。
屏幕亮度够不够？,亮度不足被多次指出：‘屏幕亮度不够用’‘看视频亮度都不够用’‘阳光下反光厉害’‘屏幕发暗’‘屏幕有点镜面感’；正面反馈仅称‘屏幕很亮’‘色彩鲜艳’，未直接回应低亮度场景。
机身重量和便携性如何？,重量评价两极：‘有点重’‘分量足’‘拿着手酸’‘单手持握费劲’‘太大拿久了手酸累’；亦有用户称‘很轻’‘轻薄’‘携带方便’，但负向体感（如‘重’‘手酸’）在具体描述中占比更高。
有没有出现闪退或应用崩溃？,闪退问题突出：‘有时候会闪退’‘QQ视频闪退’‘乐视视频闪退’‘微信视频闪退’‘应用闪退’‘APP打开就卡死’；正面反馈仅泛泛称‘系统稳定’，而崩溃类描述具象且高频。
屏幕色彩还原准不准？,色彩失真被明确指出：‘色彩严重失真’‘颜色有点不对很晕’‘屏幕色彩不如iPad’‘屏幕发白发污’；正面反馈称‘色彩鲜艳’‘色泽艳丽’，但失真类反馈提供了具体对比（如‘跟iPad差距’‘发白’）。
有没有出现死机或无法开机？,死机与无法开机高频出现：‘开不了机’‘充不了电开不了机’‘系统优化后开不了机’‘死机三次’‘蓝屏一次’‘系统崩溃’‘启动不了’；正面反馈仅称‘开机快’‘运行稳定’，未覆盖硬件级故障。
屏幕是否容易碎？,碎屏风险被反复警示：‘摔一下屏幕就碎了’‘屏幕易碎’‘没摔过但屏幕碎了’‘建议买意外碎屏险’‘屏幕脆弱’；正面反馈仅称‘屏幕结实’，但碎屏案例（含‘摔一次就碎’‘没摔也碎’）细节更丰富。
有没有出现喇叭无声或音量小？,音频输出故障常见：‘一个扬声器没声音’‘喇叭接触不良没声音’‘声音小’‘听筒声音特小’‘外放条变形’‘音量键失灵’；正面反馈集中于‘音质好’‘声音大’，但功能失效类反馈更具操作指导性。
系统广告和预装软件多不多？,广告与预装问题突出：‘预装软件太多’‘系统自带软件自动运行’‘广告太多没法关闭’‘浏览器过滤广告371条’‘软件开放性大但有流氓软件’；正面反馈未否认此现象，仅称‘自带软件可删除’。
有没有出现触屏误触或乱跳？,误触问题明确：‘屏幕会自己动’‘正在看视频时自己放歌’‘触屏乱跳’‘屏幕自己点击’‘下拉时自己点击’；正面反馈仅称‘触屏灵敏’，而异常行为类描述更具体可信。
屏幕可视角度好不好？,可视角度获肯定：‘可视角度广’‘侧面看也不偏色’；但该维度反馈极少，未见负面评价，属少数共识点。
有没有出现信号弱或无信号？,信号问题严重：‘信号非常差’‘靠着信号塔信号也难超两格’‘4G信号马马虎虎’‘县城就没有信号’‘信号满格但打不出电话’；正面反馈仅称‘信号非常好’，但故障类描述更具场景细节。
系统动画和操作跟手吗？,动画流畅度存疑：‘返回键占用屏幕一行看起来不舒服’‘home键不可按设计反人类’‘虚拟导航键讨厌’‘退出当前界面要等很久’；正面反馈称‘操作流畅’，但交互设计缺陷被多次具象指出。
有没有出现电池异常耗电？,耗电异常高频：‘放一晚上掉电20%’‘不用也掉电’‘充满电放盒里一分钟就关机’‘待机耗电比苹果快’；正面反馈称‘电池耐用’‘省电’，但异常耗电案例（如‘不用也掉电’）更具警示性。
屏幕是否有坏点或亮点？,坏点/亮点被实名举报：‘屏幕左下边缘一直有亮点’‘检测结果有坏点’‘屏幕里边有脏东西擦不干净’‘屏幕有黑点’‘屏幕内有白色点’；正面反馈未提此问题，而缺陷类反馈提供位置（‘左下’‘右上’）与状态（‘擦不净’）。
有没有出现USB或充电接口接触不良？,接口问题具体：‘充电口插不进去’‘充电插口有使用痕迹’‘卡槽晃动’‘USB转接线不识别’‘OTG模式下不能充电’；正面反馈未涉及接口可靠性，而故障类描述直指物理连接。
屏幕是否支持高刷新率或高帧率视频？,该维度无直接反馈，所有视频体验均围绕‘清晰度’‘卡顿’‘拖影’展开，未提及刷新率参数或高帧率适配能力。
有没有出现指纹识别失灵？,指纹功能故障：‘指纹解锁不灵敏’‘验证失败’‘指纹按键附近有擦不掉的瑕疵’；正面反馈称‘指纹解锁超快’‘一触即开’，但失灵类反馈明确指向识别精度。
系统是否支持深度定制或Root？,该维度无直接反馈，仅提及‘想自己刷机’‘系统限制联网权限’‘预装软件不能卸载’，未涉及Root可行性或定制ROM生态。
有没有出现蓝牙连接不稳定？,蓝牙问题未被单独提及，所有无线问题均聚焦Wi-Fi，无用户报告蓝牙配对失败、断连或传输异常。
屏幕是否支持HDR或广色域？,该维度无直接反馈，所有色彩评价均围绕‘鲜艳’‘失真’‘发白’等主观感知，未出现HDR、P3色域等技术术语。
有没有出现GPS定位不准？,GPS问题未被单独提及，所有定位相关反馈均融入‘导航仪用’‘地图APP适配差’等泛化描述，无用户报告定位漂移、搜星慢或精度误差。
有没有出现麦克风拾音差？,麦克风问题明确：‘通话声音小’‘微信视频有回声’‘录像音质差’‘录音像拖拉机’；正面反馈未提录音质量，而故障类反馈提供具体场景（‘微信’‘录像’）。
屏幕是否支持DC调光或低蓝光模式？,该维度无直接反馈，所有护眼相关描述仅提及‘护眼模式’‘开启后弹幕拖影’，未涉及DC调光、TÜV认证或蓝光衰减参数。
有没有出现NFC功能失效？,NFC问题未被单独提及，所有近场通信反馈均融入‘支付不便’‘门禁卡模拟失败’等泛化描述，无用户报告NFC开关无效或读取失败。
有没有出现陀螺仪或传感器失灵？,传感器问题未被单独提及，所有运动相关反馈均融入‘横屏不顺’‘游戏操控差’等泛化描述，无用户报告陀螺仪校准失败或方向感应异常。
有没有出现Type-C接口正反插识别问题？,该维度无直接反馈，所有接口描述均指向‘充电口设计奇葩’‘插头不对’‘Micro USB’，未出现Type-C正反插或协议兼容性问题。
